,assists,games,goals,id,key_passes,npg,npxG,player_name,position,red_cards,shots,team_title,time,xA,xG,xGBuildup,xGChain,yellow_cards
0,5,36,22,318,33,18,19.744122434407473,Pierre-Emerick Aubameyang,F M S,0,94,Arsenal,2740,4.989846890792251,23.549966726452112,6.483642949722707,26.582426249980927,0
1,1,36,22,838,45,22,16.762808084487915,Sadio Mané,F M S,0,87,Liverpool,3100,5.123734523542225,16.762808084487915,8.485077820718288,28.40134635940194,2
2,8,38,22,1250,68,19,19.508943611755967,Mohamed Salah,F S,0,137,Liverpool,3274,10.468589510768652,21.79245018400252,7.865945274010301,31.780298396945,1
3,8,33,21,619,34,19,18.426808904856443,Sergio Agüero,F S,0,118,Manchester City,2515,5.22924312017858,19.9491464830935,8.100998356938362,28.70022003352642,3
4,4,34,18,755,32,14,15.310131333768368,Jamie Vardy,F S,1,79,Leicester,2740,5.13733013253659,19.11597566306591,1.9056932125240564,20.782562378793955,3
5,10,34,17,618,66,17,15.907645806670189,Raheem Sterling,F M S,0,77,Manchester City,2788,10.792034206911922,15.907645806670189,12.632533352822065,33.02193847298622,3
6,4,28,17,647,30,13,13.077755857259035,Harry Kane,F S,0,102,Tottenham,2437,4.562663219869137,16.12239446118474,4.841164272278547,18.838230532594025,5
7,15,37,16,701,98,12,9.254330594092607,Eden Hazard,F S,0,93,Chelsea,2935,11.570390027016401,12.299005899578333,11.546570284292102,25.32870591431856,2
8,9,30,14,468,31,13,14.494162943214178,Callum Wilson,F S,0,65,Bournemouth,2548,5.955955449491739,16.016500677913427,5.061332296580076,21.330359410494566,3
9,6,38,13,714,74,11,8.312648046761751,Gylfi Sigurdsson,F M S,0,86,Everton,3150,6.791106753051281,12.118343196809292,5.154639239422977,15.667064221575856,3
10,1,38,13,882,12,9,8.49666416272521,Glenn Murray,F S,0,54,Brighton,2517,1.1180225415155292,11.541339591145515,1.3960120500996709,8.42803375609219,5
11,9,35,13,1740,55,6,8.265851370058954,Paul Pogba,M S,0,105,Manchester United,3013,5.186745170503855,15.87753972876817,11.593518570065498,21.12592289596796,6
12,8,35,13,3277,31,13,12.033691215328872,Alexandre Lacazette,F S,0,81,Arsenal,2498,4.100151715800166,12.033691215328872,8.813803711906075,22.075838117860258,2
13,7,38,13,4105,42,11,12.75125745870173,Raúl Jiménez,F M S,0,111,Wolverhampton Wanderers,3143,6.991126699373126,14.273595059290528,4.337959002703428,20.91793861053884,4
14,1,35,13,6026,20,13,11.333979241549969,Richarlison,F M S,1,82,Everton,2702,1.9562372555956244,11.333979241549969,5.10016942024231,13.40034743025899,5
15,6,31,12,453,33,12,8.36306463368237,Son Heung-Min,F M S,1,74,Tottenham,2061,3.9653114024549723,8.36306463368237,6.02678457647562,16.200825087726116,2
16,3,35,12,465,37,7,8.979647155851126,Joshua King,F M S,0,72,Bournemouth,2987,4.257977558299899,13.546660237014294,8.407384060323238,19.067666817456484,3
17,6,34,12,482,43,11,12.976520912721753,Roberto Firmino,F M S,0,75,Liverpool,2631,6.344290215522051,13.737689750269055,9.149718433618546,24.34563909471035,0
18,0,32,12,594,21,12,13.105178356170654,Romelu Lukaku,F S,0,55,Manchester United,2113,2.320214493200183,13.105178356170654,5.426005006767809,15.425704501569271,4
19,2,37,12,770,45,12,8.294692774303257,Ayoze Pérez,F M S,0,55,Newcastle United,2950,4.032593822106719,8.294692774303257,5.627833100035787,15.605257639661431,2
20,2,37,12,4422,22,10,11.735213300213218,Ashley Barnes,F S,0,65,Burnley,2379,3.6403047926723957,13.257514169439673,2.0961158219724894,14.351634686812758,8
21,2,38,12,5549,59,2,2.11819478450343,Luka Milivojevic,M,0,57,Crystal Palace,3420,3.3903411589562893,10.491015195380896,8.2986073596403,9.534872663207352,10
22,3,37,11,773,31,10,14.691597103141248,Aleksandar Mitrovic,F,0,131,Fulham,3285,2.9691336788237095,15.452766000293195,5.371469743549824,18.897143069654703,7
23,7,32,11,813,32,11,10.635379770770669,Salomón Rondón,F S,0,89,Newcastle United,2616,3.4131878558546305,10.635379770770669,4.21826634183526,15.463675782084465,1
24,10,31,10,337,40,10,6.981944473460317,Leroy Sané,F M S,0,56,Manchester City,1866,8.101670823991299,6.981944473460317,10.558322884142399,21.35401276499033,1
25,5,34,10,522,54,10,6.490763653069735,Wilfried Zaha,F M,1,73,Crystal Palace,3046,5.404334913939238,6.490763653069735,7.036865543574095,16.558542707934976,8
26,2,27,10,553,36,9,7.193313341587782,Anthony Martial,F M S,0,39,Manchester United,1632,3.2472195653244853,7.954482201486826,3.600729596801102,11.796286429278553,2
27,6,33,10,556,38,10,11.614454694092274,Marcus Rashford,F M S,1,84,Manchester United,2360,5.270443614572287,11.614454694092274,5.243192846421152,16.822124781552702,3
28,5,30,10,591,30,10,8.334904950112104,Gerard Deulofeu,F S,0,60,Watford,2110,4.96249932423234,8.334904950112104,5.4338822439312935,15.967125434428453,3
29,4,28,10,865,36,9,8.175809696316719,Marko Arnautovic,F M S,0,62,West Ham,2006,3.9999548010528088,8.936904326081276,2.8474414478987455,12.378130692988634,3
30,0,32,10,3293,27,10,7.591315286234021,Lucas Moura,F M S,0,45,Tottenham,2133,1.6590780727565289,7.591315286234021,6.85432219132781,13.82257379591465,3
31,2,38,10,4456,21,10,9.133252272382379,Chris Wood,F S,0,58,Burnley,2603,3.647217035293579,9.133252272382379,3.554675541818142,11.356351725757122,2
32,5,32,9,574,42,8,9.469469295814633,Troy Deeney,F S,1,64,Watford,2552,4.68837801553309,10.230638133361936,2.9535711146891117,13.362730728462338,4
33,4,36,9,1208,65,9,5.527917226776481,Felipe Anderson,F M,0,58,West Ham,3073,6.779622457921505,5.527917226776481,5.719295345246792,14.421116042882204,3
34,5,33,9,6854,27,9,8.907186842523515,Diogo Jota,F M S,0,58,Wolverhampton Wanderers,2402,5.536081537604332,8.907186842523515,4.578139785677195,16.1504292441532,11
35,12,35,8,646,73,8,5.66104980558157,Christian Eriksen,M S,0,83,Tottenham,2772,7.882119238376617,5.66104980558157,9.100178128108382,16.645785599946976,3
36,2,31,8,687,29,8,5.983355518430471,Pedro,F S,0,57,Chelsea,1777,3.8842074796557426,5.983355518430471,8.18063784763217,15.40015415661037,2
37,1,25,7,191,5,7,7.894378799945116,Chicharito,F S,0,37,West Ham,1336,1.2568727899342775,7.894378799945116,0.7545539606362581,7.684439621865749,2
38,4,27,7,750,24,7,5.855765521526337,Riyad Mahrez,F M S,0,54,Manchester City,1333,5.006452023983002,6.616934344172478,6.827352050691843,14.370971489697695,0
39,0,26,7,843,47,6,2.640811724588275,James Ward-Prowse,M S,0,31,Southampton,1940,3.2816793685778975,3.401980562135577,4.128472507931292,6.868372356519103,4
40,3,24,7,986,28,4,7.6324292700737715,Danny Ings,F S,0,56,Southampton,1694,3.348331378772855,9.915935901924968,2.754429467022419,10.713309461250901,1
41,2,29,7,1660,14,7,5.848624136298895,Andre Gray,F S,0,35,Watford,1343,2.099873559549451,5.848624136298895,0.7475268170237541,7.4810860846191645,2
42,14,38,7,1683,93,7,4.76355167478323,Ryan Fraser,F M S,0,51,Bournemouth,3185,16.183833203278482,4.76355167478323,7.556321180425584,19.631537167355418,2
43,7,36,7,3635,71,7,8.19672245066613,Bernardo Silva,F M S,0,62,Manchester City,2851,8.63292844966054,8.19672245066613,16.891506848856807,29.93142929673195,3
44,3,29,7,5543,21,6,11.860295534133911,Gabriel Jesus,F S,0,43,Manchester City,993,2.65164215862751,12.621464371681213,4.9908908531069756,16.592424385249615,1
45,7,36,7,6818,100,6,5.850146671757102,James Maddison,F M S,1,83,Leicester,2877,7.935438400134444,7.372484354302287,6.9679553234018385,15.30455419793725,3
46,5,30,7,6820,30,7,6.465657105669379,David Brooks,F M S,0,41,Bournemouth,2317,5.877871762961149,6.465657105669379,6.750987499952316,16.89172164350748,3
47,0,24,6,154,21,6,3.322769967839122,André Schürrle,F M S,0,55,Fulham,1670,1.9269959963858128,3.322769967839122,1.6823589345440269,5.964587731286883,2
48,3,31,6,314,43,6,4.213995780795813,Ilkay Gündogan,M S,0,43,Manchester City,2133,4.967495605349541,4.213995780795813,15.749667078256607,19.06555214524269,3
49,4,25,6,317,29,6,5.343566609546542,Henrikh Mkhitaryan,F M S,0,49,Arsenal,1647,6.48603293299675,5.343566609546542,8.282573003321886,16.100104700773954,1
50,4,33,6,531,23,6,6.066020864993334,Michail Antonio,D F M S,0,65,West Ham,2084,4.029214847832918,6.066020864993334,3.387628575786948,11.179384602233768,3
51,8,33,6,617,73,6,8.128266392275691,David Silva,M S,0,51,Manchester City,2426,10.113783121109009,8.128266392275691,18.84659132361412,30.80764201655984,3
52,2,24,6,688,17,6,3.2402340713888407,Ruben Loftus-Cheek,M S,0,28,Chelsea,969,1.0109455808997154,3.2402340713888407,5.78622486256063,8.282618189230561,0
53,4,38,6,775,61,6,4.878757080994546,Andros Townsend,F M S,0,63,Crystal Palace,3030,3.6999022867530584,4.878757080994546,4.850387753918767,11.944321880117059,1
54,4,38,6,790,52,6,7.911504412069917,Nathan Redmond,F M S,0,74,Southampton,3283,5.312565145082772,7.911504412069917,5.913362225517631,16.492730357684195,3
55,3,24,6,888,20,6,4.059152172878385,Xherdan Shaqiri,M S,0,26,Liverpool,1048,1.8917570114135742,4.059152172878385,3.4201246555894613,7.922253351658583,2
56,1,33,6,1723,34,6,5.378575686365366,Roberto Pereyra,M,0,57,Watford,2837,3.538155732676387,5.378575686365366,6.263587720692158,12.57223891466856,3
57,2,35,6,5555,12,6,6.1705091297626495,Dominic Calvert-Lewin,F M S,0,52,Everton,1763,1.6395726166665554,6.1705091297626495,1.3697869274765253,8.368763284757733,3
58,4,31,5,489,44,2,1.0728756012395024,James Milner,D M S,1,24,Liverpool,1775,5.641537204384804,3.3563821092247963,9.807761223986745,12.487557540647686,5
59,2,24,5,499,45,5,2.226021744310856,Mesut Özil,M S,0,11,Arsenal,1751,4.29013523645699,2.226021744310856,8.060832222923636,11.982875283807516,2
60,2,37,5,503,21,5,6.505236777476966,Theo Walcott,M S,0,42,Everton,2127,2.884311942383647,6.505236777476966,2.5488213505595922,10.27176570892334,1
61,5,31,5,533,21,1,0.5456139929592609,Mark Noble,M S,1,17,West Ham,2339,1.7227640133351088,3.5902151502668858,5.9035784266889095,7.524794074706733,6
62,3,25,5,645,27,5,5.950443021953106,Dele Alli,M S,0,39,Tottenham,1847,3.2933274190872908,5.950443021953106,5.540952812880278,12.95524089038372,4
63,1,26,5,839,13,5,5.4374797735363245,Shane Long,F M S,0,30,Southampton,1262,1.6013006325811148,5.4374797735363245,1.3454699460417032,6.827495466917753,3
64,0,14,5,1293,15,5,5.379232861101627,Gonzalo Higuaín,F S,0,46,Chelsea,1100,1.4263602867722511,5.379232861101627,1.8616342134773731,8.476495116949081,0
65,0,11,5,1678,2,5,3.6997953336685896,Michy Batshuayi,F S,0,27,Crystal Palace,766,0.10409866087138653,3.6997953336685896,1.5456311460584402,5.173523511737585,0
66,6,35,5,1726,38,5,6.849441897124052,Abdoulaye Doucouré,M S,0,51,Watford,3062,5.389012933708727,6.849441897124052,6.46834053657949,16.311387384310365,7
67,0,16,5,1804,7,5,6.410967104136944,Álvaro Morata,F S,0,35,Chelsea,951,0.21485695615410805,6.410967104136944,1.6989031732082367,7.6419592425227165,3
68,4,32,5,2390,50,4,3.146774041466415,Víctor Camarasa,M S,0,41,Cardiff,2606,3.626392999663949,3.907942879013717,4.113611032254994,7.982398683205247,6
69,3,16,5,5176,23,5,5.748053716495633,Ryan Babel,F M S,0,27,Fulham,1276,2.5484040305018425,5.748053716495633,4.03754279948771,10.397959539666772,3
70,1,35,5,6047,7,5,3.3823358304798603,Shane Duffy,D,1,37,Brighton,3087,0.265911515802145,3.3823358304798603,2.714450053870678,3.0718250116333365,4
71,2,27,5,6827,16,4,3.04342807456851,Bobby Reid,F M S,0,27,Cardiff,1414,1.058872975409031,3.8045969121158123,2.006671106442809,4.874457709491253,0
72,1,24,4,76,11,4,2.165339669212699,Fabian Schär,D S,0,25,Newcastle United,2007,0.7358655799180269,2.165339669212699,4.6570072108879685,5.651489558629692,12
73,2,29,4,204,40,4,1.881140892393887,Granit Xhaka,D M,0,29,Arsenal,2511,3.5157328164204955,1.881140892393887,12.580721326172352,15.243713524192572,10
74,3,31,4,343,28,4,2.2558479895815253,Pierre-Emile Højbjerg,M,2,53,Southampton,2770,2.3478175159543753,2.2558479895815253,7.335340930148959,10.258456008508801,7
75,6,28,4,504,25,4,3.7076629493385553,Aaron Ramsey,M S,0,33,Arsenal,1326,2.303655330091715,3.7076629493385553,3.6836593626067042,8.951478814706206,0
76,2,27,4,558,17,3,4.082991348579526,Jesse Lingard,F M S,0,32,Manchester United,1677,3.1564249978400767,4.844160245731473,5.214572966098785,10.800287239719182,3
77,0,38,4,579,7,4,4.548658574000001,Nathan Aké,D M,0,25,Bournemouth,3414,1.3218236602842808,4.548658574000001,7.666224240325391,8.874473712407053,3
78,2,19,4,644,23,4,3.7640355844050646,Erik Lamela,M S,0,29,Tottenham,969,2.165191598236561,3.7640355844050646,3.9675889927893877,8.188834078609943,2
79,4,36,4,751,46,4,3.033728029578924,N&#039;Golo Kanté,M,0,29,Chelsea,3103,3.73298922739923,3.033728029578924,12.484974737279117,17.044977441430092,3
80,1,30,4,757,16,4,3.30349394492805,Jeffrey Schlupp,F M S,0,28,Crystal Palace,1650,1.4070401089265943,3.30349394492805,3.319331794977188,7.353200105950236,1
81,1,34,4,762,17,4,4.561489956453443,Demarai Gray,F M S,0,47,Leicester,2009,0.9842575620859861,4.561489956453443,4.204088659957051,9.41732171177864,2
82,2,38,4,833,7,4,3.5105454893782735,Virgil van Dijk,D,0,31,Liverpool,3388,1.2659120308235288,3.5105454893782735,16.656997345387936,17.472352009266615,1
83,4,35,4,1823,71,4,1.199989851564169,Lucas Digne,D M S,1,34,Everton,2968,7.7085179118439555,1.199989851564169,5.53166626021266,9.515081945806742,5
84,1,28,4,4027,4,4,4.121445272117853,Sol Bamba,D M,0,22,Cardiff,2476,0.14328687265515327,4.121445272117853,1.669757996685803,2.9724218621850014,7
85,1,20,4,6824,19,3,1.4003081116825342,Nathaniel Mendez-Laing,M S,0,20,Cardiff,980,1.2976202052086592,2.1614769492298365,0.42888141609728336,2.9424203177914023,0
86,1,27,4,6826,23,4,4.948024466633797,Callum Paterson,F M S,0,41,Cardiff,1987,2.8674475895240903,4.948024466633797,1.3204650627449155,5.481852526776493,4
87,0,36,4,6850,11,4,3.634888389147818,Willy Boly,D,1,23,Wolverhampton Wanderers,3168,1.56681271456182,3.634888389147818,5.9656675681471825,7.4878830797970295,2
88,5,38,4,6852,38,4,5.275961845181882,Matt Doherty,M S,0,46,Wolverhampton Wanderers,3145,5.037374325096607,5.275961845181882,7.995736856944859,13.514683422632515,5
89,3,35,4,6853,24,2,1.8714011190459132,Rúben Neves,M S,0,74,Wolverhampton Wanderers,3014,1.8831316344439983,3.393738809041679,8.176535649225116,10.348721410147846,8
90,0,13,4,7390,8,4,3.2763585709035397,Karlan Grant,F M S,0,21,Huddersfield,868,0.26734316907823086,3.2763585709035397,0.2814026940613985,3.6710612140595913,0
91,3,25,3,239,54,2,2.6212890855968,Pascal Groß,M S,0,24,Brighton,1896,5.608689467422664,4.143626760691404,2.3560394374653697,6.614904932677746,1
92,1,12,3,484,3,3,2.2430995739996433,Divock Origi,F S,0,13,Liverpool,357,0.18801140412688255,2.2430995739996433,0.6994131207466125,1.4092786479741335,0
93,0,17,3,494,2,3,2.112584164366126,Laurent Koscielny,D S,0,5,Arsenal,1326,0.12015959993004799,2.112584164366126,3.851031471043825,3.885790169239044,1
94,6,35,3,500,40,3,3.7199750300496817,Alex Iwobi,F M S,0,35,Arsenal,1974,7.637422041036189,3.7199750300496817,9.561200166121125,18.207133054733276,0
95,2,22,3,554,30,3,1.5762359164655209,Juan Mata,F M S,0,19,Manchester United,1306,3.70042721927166,1.5762359164655209,2.195552780292928,5.144089694134891,3
96,6,28,3,568,38,3,0.9423716282472014,José Holebas,D S,1,17,Watford,2395,4.58044374268502,0.9423716282472014,5.283567450940609,7.107876501977444,12
97,0,36,3,581,1,3,1.8465647175908089,Craig Cathcart,D S,0,13,Watford,3104,0.1080649271607399,1.8465647175908089,4.140127347782254,4.140127347782254,2
98,5,27,3,592,22,3,3.652172390371561,Ross Barkley,M S,0,40,Chelsea,1228,2.515679383650422,3.652172390371561,5.419117795303464,10.356795282103121,1
99,6,38,3,633,31,3,4.505421018227935,James McArthur,M S,0,34,Crystal Palace,3095,3.7212066669017076,4.505421018227935,6.773193979635835,11.979676730930805,7
100,0,20,3,643,8,3,1.4176097698509693,Eric Dier,D M S,0,9,Tottenham,1519,1.1008154340088367,1.4176097698509693,4.851273376494646,5.309163231402636,4
101,6,32,3,700,79,3,4.348796594887972,Willian,F S,0,62,Chelsea,2123,6.518496551550925,4.348796594887972,6.4365682220086455,12.744772039353848,2
102,2,36,3,730,35,3,2.8111321944743395,Patrick van Aanholt,D,0,45,Crystal Palace,3202,4.718274735845625,2.8111321944743395,5.863855211995542,10.490820822305977,3
103,0,22,3,748,3,3,1.5354552567005157,Wes Morgan,D S,2,14,Leicester,1932,0.13855413533747196,1.5354552567005157,2.2752299192361534,2.3829682054929435,1
104,0,35,3,771,25,3,3.180203888565302,Georginio Wijnaldum,M S,0,30,Liverpool,2749,1.9434388419613242,3.180203888565302,10.547691758722067,14.712283564731479,3
105,0,11,3,875,2,3,0.4652565587311983,Ciaran Clark,D S,0,7,Newcastle United,850,0.052879687398672104,0.4652565587311983,1.637007288634777,1.9674749225378036,1
106,0,20,3,1661,8,3,2.7301176246255636,Sam Vokes,F S,0,22,Burnley,918,0.8985759355127811,2.7301176246255636,0.2980601489543915,1.6246700435876846,0
107,6,29,3,1663,37,3,2.6134579610079527,Johann Berg Gudmundsson,M S,0,33,Burnley,1732,3.58649355918169,2.6134579610079527,3.094682715833187,7.218740660697222,2
108,1,35,3,1665,5,3,3.64087488129735,James Tarkowski,D,0,22,Burnley,3086,0.20170947536826134,3.64087488129735,3.225081301294267,3.3747641379013658,8
109,2,36,3,1676,20,3,2.897742645815015,David Luiz,D,0,34,Chelsea,3240,2.8587494837120175,2.897742645815015,11.978444409556687,13.105183457024395,3
110,0,31,3,1687,11,3,1.860539778135717,Harry Maguire,D,1,30,Leicester,2599,0.6665724525228143,1.860539778135717,5.482059706002474,6.041916688904166,6
111,0,15,3,1700,8,3,1.3946282118558884,Lucas Pérez,F S,0,9,West Ham,462,0.8767511993646622,1.3946282118558884,1.1302391644567251,3.1520909890532494,0
112,0,32,3,1746,12,3,1.7896255142986774,Jeff Hendrick,M S,0,19,Burnley,2089,1.0732653569430113,1.7896255142986774,1.3670612163841724,3.25222853012383,4
113,3,35,3,2498,13,3,3.7521958290599287,Aymeric Laporte,D S,0,26,Manchester City,3059,0.8390772175043821,3.7521958290599287,21.058902746997774,22.073235519230366,3
114,1,23,3,3683,19,3,2.3749423921108246,Ivan Cavaleiro,F M S,0,13,Wolverhampton Wanderers,670,1.5787324085831642,2.3749423921108246,0.9025547774508595,4.3687595054507256,1
115,0,23,3,4068,2,3,3.4883381444960833,Florin Andone,F S,0,19,Brighton,861,0.09605338424444199,3.4883381444960833,0.6315050814300776,2.457792703062296,5
116,1,32,3,4395,25,3,3.1675137002021074,Junior Hoilett,F M S,0,40,Cardiff,2144,1.337989422492683,3.1675137002021074,1.249392711557448,5.066414901055396,4
117,0,13,3,4866,11,2,2.005537203513086,Aboubakar Kamara,F M S,0,21,Fulham,678,0.7714659627526999,3.5278748916462064,1.957985038869083,4.646231196820736,2
118,4,13,3,5956,16,3,2.055863954126835,Youri Tielemans,M,0,31,Leicester,1098,2.5030784867703915,2.055863954126835,5.261959716677666,8.308924078941345,2
119,1,24,3,6030,8,3,1.4841627273708582,Zanka,D,0,8,Huddersfield,2151,0.3927211221307516,1.4841627273708582,1.4670760668814182,2.3412678092718124,6
120,1,29,3,6033,43,2,1.6591589469462633,Aaron Mooy,M S,0,43,Huddersfield,2326,2.7453807536512613,2.4203277844935656,3.4816350005567074,5.216703267768025,4
121,3,25,3,6477,13,3,4.990846138447523,Cenk Tosun,F S,0,37,Everton,1036,0.9619657015427947,4.990846138447523,0.8459431864321232,5.439725419506431,3
122,5,21,3,6756,26,3,1.8276222385466099,Dwight McNeil,M S,0,27,Burnley,1610,3.462273061275482,1.8276222385466099,1.9837072659283876,4.028138067573309,2
123,2,29,3,6828,16,3,3.7385271210223436,Josh Murphy,F M S,0,46,Cardiff,1844,3.524582718499005,3.7385271210223436,0.7665395904332399,5.715318342670798,2
124,2,29,3,6893,29,3,2.117169314995408,Stuart Armstrong,M S,0,32,Southampton,1424,1.6480897581204772,2.117169314995408,3.5986444456502795,6.378683898597956,2
125,2,19,2,447,36,2,1.47424113471061,Kevin De Bruyne,M S,0,31,Manchester City,965,6.654021034017205,1.47424113471061,8.481829758733511,12.202198661863804,2
126,8,36,2,461,60,1,2.916270522400737,Matt Ritchie,D M S,0,41,Newcastle United,2965,5.1125958655029535,4.438608217053115,4.691090313717723,10.178970442153513,9
127,1,25,2,462,9,2,2.3945610458031297,Dan Gosling,M S,0,21,Bournemouth,1729,0.9645063951611519,2.3945610458031297,7.027775038965046,9.242941771633923,8
128,3,23,2,463,15,1,2.3432482406497,Junior Stanislas,D M S,0,34,Bournemouth,1016,2.4888692293316126,3.1044170781970024,2.5536738000810146,5.237212657928467,1
129,1,18,2,483,8,2,1.4982534935697913,Daniel Sturridge,F S,0,18,Liverpool,484,1.0722148530185223,1.4982534935697913,2.53722982108593,4.198269399814308,1
130,4,27,2,502,18,2,5.060872016474605,Olivier Giroud,F S,0,32,Chelsea,808,2.29118718765676,5.060872016474605,2.782382659614086,7.711165012791753,1
131,0,31,2,508,16,2,2.4422202110290527,Calum Chambers,D M S,0,35,Fulham,2588,0.9609899530187249,2.4422202110290527,6.194431212730706,7.2815702967345715,9
132,3,22,2,552,15,2,1.5117736011743546,Ander Herrera,D M S,0,21,Manchester United,1404,2.0560901053249836,1.5117736011743546,8.346527937799692,10.242878003045917,4
133,2,29,2,585,22,2,1.3583690887317061,Seamus Coleman,D M,0,15,Everton,2564,3.801614096388221,1.3583690887317061,7.690771801397204,9.907463127747178,1
134,2,30,2,631,39,2,0.4942643716931343,Ashley Young,D S,1,12,Manchester United,2565,3.999162459746003,0.4942643716931343,8.19924250105396,10.536158966366202,8
135,7,34,2,669,42,2,1.7083475887775421,Ashley Westwood,M S,0,22,Burnley,2817,5.231230455450714,1.7083475887775421,3.608382051810622,8.081905081868172,5
136,2,27,2,753,29,2,1.063951438292861,Marc Albrighton,F M S,0,19,Leicester,1625,2.988251672126353,1.063951438292861,2.2935056928545237,5.236807061359286,3
137,0,30,2,815,32,2,2.6178857227787375,Alex Pritchard,F M S,0,47,Huddersfield,2114,2.0834436882287264,2.6178857227787375,1.5184151269495487,5.1248061545193195,2
138,2,25,2,848,9,2,3.0339849097654223,Charlie Austin,F S,0,32,Southampton,983,1.0069123711436987,3.7951537473127246,0.41668323427438736,3.362955804914236,1
139,0,16,2,866,2,2,1.805324412882328,Joselu,F S,0,17,Newcastle United,565,0.012054931372404099,1.805324412882328,0.7505010142922401,2.3267098888754845,1
140,2,32,2,935,6,2,1.2686381321400404,Kurt Zouma,D S,1,19,Everton,2613,0.4428137503564358,1.2686381321400404,5.642795650288463,6.062597559764981,3
141,2,34,2,1227,16,2,1.801344370469451,Lucas Torreira,M S,1,25,Arsenal,2366,1.7125496631488204,1.801344370469451,9.01854007318616,11.160715404897928,7
142,0,37,2,1389,30,1,0.5354191791266203,Jorginho,M,0,19,Chelsea,3179,3.0728410659357905,1.2965880166739225,15.058909779414535,16.370110409334302,8
143,4,31,2,1621,32,2,3.561836655251682,Marcos Alonso,D,0,45,Chelsea,2764,3.921598087064922,3.561836655251682,9.476837048307061,13.036232767626643,6
144,5,33,2,1691,59,2,2.260466093197465,Robert Snodgrass,M S,0,30,West Ham,2230,5.175444085150957,2.260466093197465,5.7546539306640625,9.50794175080955,10
145,0,31,2,1699,6,2,1.8620407497510314,Shkodran Mustafi,D,0,18,Arsenal,2629,0.27812959160655737,1.8620407497510314,6.6209182646125555,6.724568292498589,9
146,0,30,2,2182,15,2,1.0858130296692252,Jefferson Lerma,M S,0,31,Bournemouth,2527,1.0097847320139408,1.0858130296692252,6.8315467573702335,7.8101400677114725,12
147,6,35,2,3303,33,2,1.181735166348517,Ricardo Pereira,D F M,0,25,Leicester,3129,5.129702642560005,1.181735166348517,8.28347925003618,11.34570687264204,7
148,0,19,2,3491,4,2,1.289246629923582,Romain Saiss,D M S,0,11,Wolverhampton Wanderers,1133,0.727379709482193,1.289246629923582,2.933737952262163,3.860406062565744,7
149,3,31,2,3800,18,2,5.627418329939246,Steve Mounie,F S,1,61,Huddersfield,1775,1.8666306650266051,5.627418329939246,0.661716434173286,6.190906060859561,1
150,6,30,2,4497,35,2,2.11016377620399,Anthony Knockaert,F M S,1,27,Brighton,1823,4.2065854873508215,2.11016377620399,2.769671317189932,5.284969922155142,4
151,1,25,2,5247,9,2,2.5456338804215193,Naby Keita,M S,0,27,Liverpool,1407,1.0696090441197157,2.5456338804215193,9.896367625333369,12.775823663920164,0
152,0,38,2,5545,22,2,3.1198459174484015,Wilfred Ndidi,M S,0,55,Leicester,3305,1.6935295332223177,3.1198459174484015,7.799391497392207,10.332123768981546,8
153,0,34,2,5553,9,2,1.23356996756047,Declan Rice,M,0,22,West Ham,3009,0.6429660692811012,1.23356996756047,7.640724206343293,8.087489490397274,4
154,0,16,2,5560,1,2,1.5887957634404302,Scott McTominay,D M S,0,15,Manchester United,852,0.017006173729896545,1.5887957634404302,2.385298017412424,3.5094746835529804,1
155,0,27,2,6034,22,2,1.6647700937464833,Philip Billing,M S,0,42,Huddersfield,2199,1.8249885980039835,1.6647700937464833,3.699253322556615,5.940557053312659,7
156,1,36,2,6048,11,2,1.7627595653757453,Lewis Dunk,D,1,20,Brighton,3154,0.7536891559138894,1.7627595653757453,3.5237328745424747,3.7396439108997583,5
157,4,32,2,6104,29,2,2.969533249735832,Will Hughes,M S,0,31,Watford,2454,3.6631129905581474,2.969533249735832,4.083356935530901,8.060834351927042,5
158,0,9,2,6274,5,2,1.2489148899912834,Andriy Yarmolenko,F M S,0,9,West Ham,454,0.6984043177217245,1.2489148899912834,0.7467498928308487,2.492500936612487,2
159,0,26,2,6542,13,2,3.3906076550483704,Jürgen Locadia,F M S,0,28,Brighton,1229,0.9557695426046848,3.3906076550483704,1.7955863140523434,4.707125395536423,1
160,6,35,2,6837,33,2,4.265975874848664,Ryan Sessegnon,D F M S,0,28,Fulham,2300,3.9932506047189236,4.265975874848664,3.87308154348284,10.162048532627523,0
161,0,19,2,7236,7,2,4.165359927341342,Leander Dendoncker,M S,0,17,Wolverhampton Wanderers,1474,1.2851572092622519,4.165359927341342,3.157246697694063,6.670166987925768,1
162,1,23,2,7280,6,2,0.7205070797353983,Yan Valery,D M S,1,6,Southampton,1714,0.25491195917129517,0.7205070797353983,1.940354566089809,2.899165307171643,3
163,0,17,1,47,5,1,1.019024733453989,Yoshinori Muto,F M S,0,6,Newcastle United,512,0.31324256025254726,1.019024733453989,0.7278851494193077,1.3042724635452032,1
164,0,22,1,332,3,1,0.9036619700491428,Joel Matip,D S,0,8,Liverpool,1535,0.18020743504166603,0.9036619700491428,6.371974578127265,6.371974578127265,3
165,2,29,1,338,22,1,1.978862389922142,Max Meyer,M S,0,38,Crystal Palace,1403,1.0709688980132341,1.978862389922142,3.499717593193054,5.764600705355406,3
166,2,25,1,371,5,1,0.8275361265987158,Sokratis,D,0,11,Arsenal,2198,0.6274542845785618,0.8275361265987158,6.023902950808406,6.1428041737526655,12
167,0,8,1,394,0,1,0.08249640464782715,Leon Balogun,D S,0,1,Brighton,589,0.0,0.08249640464782715,0.7314174324274063,0.7314174324274063,2
168,1,31,1,458,11,1,1.461019336245954,Steve Cook,D,0,21,Bournemouth,2788,1.1459700055420399,1.461019336245954,5.4173039654269814,6.203708314336836,3
169,0,21,1,459,11,1,0.6230836696922779,Charlie Daniels,D M S,0,12,Bournemouth,1587,0.4582163458690047,0.6230836696922779,5.410695243626833,5.91681988351047,4
170,1,19,1,481,10,1,0.775267081335187,Jordon Ibe,M S,0,9,Bournemouth,799,0.41998661682009697,0.775267081335187,1.1102917455136776,1.8733184821903706,1
171,3,22,1,495,11,1,1.2284543607383966,Nacho Monreal,D M S,0,7,Arsenal,1857,2.008963174186647,1.2284543607383966,6.269339979626238,8.7304474581033,5
172,3,20,1,498,21,1,1.7134789302945137,Alexis Sánchez,F M S,0,17,Manchester United,875,3.5468507930636406,1.7134789302945137,2.985114423558116,6.4989673644304276,3
173,1,8,1,501,5,1,0.792971134185791,Danny Welbeck,F S,0,4,Arsenal,137,0.28166940808296204,0.792971134185791,0.7048697136342525,1.7137907072901726,0
174,0,7,1,510,2,1,0.917661726474762,Joel Ward,D S,0,2,Crystal Palace,550,0.11860301997512579,0.917661726474762,0.9782976806163788,1.673132285475731,1
175,1,24,1,528,4,1,1.0196454003453255,Angelo Ogbonna,D S,0,14,West Ham,1870,1.1602911613881588,1.0196454003453255,0.8990842010825872,1.095582788810134,2
176,1,29,1,530,7,1,0.9024495468474925,James Tomkins,D,0,22,Crystal Palace,2566,1.3705310272052884,0.9024495468474925,3.097233599051833,3.1835997719317675,6
177,1,10,1,535,5,1,1.183907426893711,Manuel Lanzini,M S,0,11,West Ham,693,0.9580360632389784,1.183907426893711,2.1552223106846213,3.1162629798054695,2
178,3,33,1,572,10,1,1.2973155491054058,Etienne Capoue,M,1,18,Watford,2951,1.369269479997456,1.2973155491054058,7.016401715576649,8.080201987177134,14
179,0,7,1,587,2,1,0.626363217830658,Phil Jagielka,D S,1,1,Everton,323,0.09909354895353317,0.626363217830658,0.20354557782411575,0.8958335593342781,0
180,1,16,1,593,7,1,0.915638318285346,Aaron Lennon,M S,0,4,Burnley,1223,0.6648929566144943,0.915638318285346,0.5965600553900003,1.9413916785269976,1
181,0,13,1,596,1,1,0.17453297600150108,Tom Cleverley,M S,0,4,Watford,453,0.11326443403959274,0.17453297600150108,0.7192035876214504,0.9147030152380466,2
182,0,13,1,602,1,1,0.9101980663836002,Dejan Lovren,D S,0,6,Liverpool,988,0.10816649347543716,0.9101980663836002,3.321439675986767,3.4448091462254524,1
183,3,32,1,605,15,1,1.513163773342967,Jordan Henderson,D M S,1,16,Liverpool,1979,1.6871283408254385,1.513163773342967,11.57944836653769,14.520353047177196,1
184,1,16,1,606,9,1,3.7290372187271714,Christian Benteke,F S,0,26,Crystal Palace,808,1.1865844065323472,3.7290372187271714,1.3609155919402838,4.197606414556503,1
185,0,17,1,612,1,1,0.24023434054106474,Vincent Kompany,D S,0,5,Manchester City,1221,0.07192530483007431,0.24023434054106474,7.911125384271145,8.01426974684,6
186,3,29,1,614,22,1,1.7180058201774955,Fernandinho,D M S,0,30,Manchester City,2397,3.1326744575053453,1.7180058201774955,17.583874283358455,19.328524647280574,5
187,3,30,1,620,13,1,2.5798534471541643,Kelechi Iheanacho,F M S,0,18,Leicester,911,1.3410559296607971,2.5798534471541643,1.9898731801658869,5.289881035685539,2
188,0,24,1,628,2,1,1.114168937318027,Chris Smalling,D,0,11,Manchester United,2130,0.12397491931915283,1.114168937318027,3.7084127962589264,3.7084127962589264,1
189,1,33,1,638,24,1,0.7318427348509431,Kyle Walker,D S,0,21,Manchester City,2774,1.9359683343209326,0.7318427348509431,17.58540461398661,18.515537390485406,3
190,0,22,1,640,4,1,1.0099767725914717,Jan Vertonghen,D,1,15,Tottenham,1925,0.24384958297014236,1.0099767725914717,7.626771003007889,7.90000806003809,3
191,3,27,1,652,49,1,0.4619603846222162,Kieran Trippier,D M S,0,8,Tottenham,2278,4.845307818613946,0.4619603846222162,8.712672354653478,10.566017553210258,2
192,2,20,1,672,16,1,2.648142570629716,Jordan Ayew,F S,0,27,Crystal Palace,1200,1.2027314379811287,2.648142570629716,1.1150086112320423,3.874551720917225,3
193,5,38,1,681,27,1,1.2596378233283758,César Azpilicueta,D,0,17,Chelsea,3405,2.423508291132748,1.2596378233283758,11.969820936210454,14.248928362503648,4
194,1,25,1,689,11,1,1.6465372741222382,Kenedy,D M S,0,31,Newcastle United,1347,0.8153682351112366,2.407706096768379,2.7164411367848516,4.687831139191985,1
195,0,28,1,697,13,1,1.7107233591377735,Nemanja Matic,D M,1,12,Manchester United,2450,0.5648093987256289,1.7107233591377735,11.243934066966176,11.787703206762671,6
196,2,37,1,712,18,1,1.5164049454033375,Jack Cork,M,0,17,Burnley,3315,2.260394899174571,1.5164049454033375,3.0894588008522987,5.2336041778326035,6
197,2,29,1,727,28,1,1.1860910477116704,DeAndre Yedlin,D M S,1,11,Newcastle United,2476,2.151615102775395,1.1860910477116704,4.478992944583297,6.888161517679691,6
198,1,16,1,769,25,1,0.7167939725331962,Jonjo Shelvey,M S,0,23,Newcastle United,932,1.857972823549062,0.7167939725331962,1.9959062775596976,3.2687313170172274,1
199,0,34,1,787,9,1,1.0000525284558535,Ryan Bennett,D,0,15,Wolverhampton Wanderers,3060,0.7868758589029312,1.0000525284558535,4.800758751109242,5.850176807492971,12
200,0,24,1,807,5,1,0.5250390954315662,Jonny Evans,D S,0,11,Leicester,1993,0.2806595526635647,0.5250390954315662,3.0556607330217957,3.3353215726092458,2
201,1,25,1,825,11,1,0.5962848346680403,Adam Smith,D M,1,7,Bournemouth,2080,0.575232308357954,0.5962848346680403,7.586809643544257,8.291937232017517,5
202,0,24,1,835,23,1,1.2571097603067756,Ryan Bertrand,D M,0,16,Southampton,2160,1.7228195257484913,1.2571097603067756,5.166144203394651,7.210838155820966,8
203,0,13,1,836,2,1,1.0802447833120823,Victor Wanyama,M S,0,7,Tottenham,499,0.05843111872673035,1.0802447833120823,2.7977288141846657,2.871050499379635,2
204,0,31,1,842,9,1,0.9572870153933764,Oriol Romeu,M S,0,10,Southampton,2155,1.706584144383669,0.9572870153933764,5.425083035603166,7.155806794762611,11
205,2,18,1,847,12,1,0.27469734381884336,Cédric Soares,D M S,0,10,Southampton,1494,1.1431782990694046,0.27469734381884336,2.2782317101955414,2.912582539021969,4
206,3,16,1,884,23,1,0.601858351379633,Matt Targett,D M S,0,11,Southampton,1180,2.119725428521633,0.601858351379633,2.1659122947603464,3.4554710909724236,2
207,1,29,1,900,17,1,1.2554869428277016,Adama Traoré,F M S,0,19,Wolverhampton Wanderers,879,2.204887079074979,1.2554869428277016,2.4375135712325573,5.700921595096588,1
208,1,15,1,922,9,1,0.2686988189816475,Andreas Pereira,M S,0,8,Manchester United,593,0.8848187737166882,0.2686988189816475,2.4986272528767586,3.2008733926340938,5
209,0,26,1,971,7,1,1.094498997554183,Harry Winks,M S,0,9,Tottenham,1578,0.24433191865682602,1.094498997554183,5.9963750168681145,6.521413639187813,4
210,4,29,1,1006,33,1,1.533867921680212,Luke Shaw,D M,0,21,Manchester United,2594,4.323225731961429,1.533867921680212,12.218418763950467,14.971796043217182,11
211,1,13,1,1017,2,1,1.9203006010502577,Matej Vydra,M S,0,6,Burnley,308,0.4979095719754696,1.9203006010502577,0.4118579402565956,1.9150132723152637,1
212,1,21,1,1299,13,1,0.9026529043912888,Mario Lemina,M S,0,25,Southampton,1617,1.3201389536261559,0.9026529043912888,3.3662446551024914,4.548342932015657,5
213,0,12,1,1383,5,1,1.759482623077929,Manolo Gabbiadini,F M S,0,20,Southampton,459,0.24272149056196213,1.759482623077929,0.6469900887459517,1.6964119942858815,0
214,2,33,1,1653,8,1,2.0034958496689796,Michael Keane,D,0,31,Everton,2970,1.2424168288707733,2.0034958496689796,6.829519972205162,7.383238755166531,2
215,0,1,1,1707,0,1,0.9117929935455322,Ben Gibson,D,0,1,Burnley,67,0.0,0.9117929935455322,0.0,0.0,1
216,1,30,1,1724,21,1,3.2875504828989506,Isaac Success,F M S,0,29,Watford,1015,3.0131800174713135,3.2875504828989506,2.012285456061363,6.455693185329437,4
217,4,20,1,1728,14,1,3.499189868569374,Fernando Llorente,F S,0,24,Tottenham,674,2.011737711727619,3.499189868569374,0.34447566606104374,4.548179998993874,2
218,0,24,1,1735,5,1,1.4581490606069565,Jack Stephens,D S,0,7,Southampton,1695,0.22872408479452133,1.4581490606069565,3.203525268472731,3.644761860370636,4
219,0,24,1,1748,4,1,1.5274576433002949,Lys Mousset,F S,0,12,Bournemouth,308,0.2928338311612606,1.5274576433002949,0.6616333052515984,2.117037557065487,1
220,1,16,1,1750,6,1,1.015497848391533,Ainsley Maitland-Niles,D M S,1,5,Arsenal,976,1.0627503618597984,1.015497848391533,2.369579939171672,4.286456955596805,1
221,12,29,1,1791,48,1,1.4922779146581888,Trent Alexander-Arnold,D S,0,29,Liverpool,2475,7.21885472536087,1.4922779146581888,10.70944832637906,14.109513361006975,3
222,0,33,1,1822,8,1,2.6610582722350955,Antonio Rüdiger,D,0,27,Chelsea,2875,0.9047856125980616,2.6610582722350955,7.82480095513165,8.752737902104855,7
223,0,11,1,2244,4,1,0.4177708588540554,Danilo,D S,0,14,Manchester City,806,0.12601656280457973,0.4177708588540554,7.764457754790783,8.11220808327198,1
224,4,20,1,2274,22,1,2.8408027347177267,Luciano Vietto,F M S,0,24,Fulham,975,2.4374760249629617,2.8408027347177267,3.3229366205632687,8.292682817205787,1
225,1,33,1,2280,31,1,1.8485935041680932,Jonny,M S,0,25,Wolverhampton Wanderers,2792,1.7633727127686143,1.8485935041680932,4.472829082980752,6.935843197628856,6
226,0,28,1,2344,18,1,2.1465526586398482,Christian Atsu,M S,0,28,Newcastle United,1464,1.7553913798183203,2.1465526586398482,2.516272109001875,5.759222052060068,2
227,1,27,1,2383,6,1,1.3925835937261581,André Gomes,M S,0,21,Everton,2001,0.6641304176300764,1.3925835937261581,5.686358949169517,6.851449524983764,7
228,0,11,1,2641,2,1,1.457616664469242,Jon Gorenc Stankovic,D M S,0,9,Huddersfield,728,0.11636637151241302,1.457616664469242,0.456728707998991,1.2240200582891703,2
229,0,33,1,3203,4,1,1.2607339806854725,Issa Diop,D,0,12,West Ham,2970,0.18298180773854256,1.2607339806854725,4.136058999225497,4.399622423574328,4
230,0,19,1,3276,16,1,1.3734100442379713,Rachid Ghezzal,F M S,0,19,Leicester,731,1.7269105790182948,1.3734100442379713,1.2995273051783442,2.509328369051218,3
231,2,32,1,3312,57,1,0.8207022678107023,Jean Michael Seri,M S,0,19,Fulham,2274,4.036101852543652,0.8207022678107023,8.055515161715448,9.213809029199183,6
232,0,16,1,3328,9,1,0.3542610667645931,Floyd Ayité,F M S,0,7,Fulham,441,0.49887313786894083,0.3542610667645931,0.3854186572134495,1.0381958708167076,0
233,2,28,1,3420,16,1,1.144551856443286,Fabinho,D M S,0,17,Liverpool,2006,1.3083824701607227,1.144551856443286,7.968353819102049,9.326502371579409,6
234,8,38,1,3422,84,1,0.5053663458675146,João Moutinho,M S,0,18,Wolverhampton Wanderers,3053,6.528550079092383,0.5053663458675146,7.7783681768924,9.504272107034922,4
235,2,25,1,3428,17,1,2.660442855209112,Hélder Costa,F M S,0,25,Wolverhampton Wanderers,1345,2.0111883906647563,2.660442855209112,1.7383640939369798,5.644508417695761,3
236,1,29,1,5043,13,1,0.49933156184852123,Kiko Femenía,D M S,0,6,Watford,2034,1.6402672734111547,0.49933156184852123,4.867890996858478,5.872225807979703,1
237,0,8,1,5573,2,1,0.19721403531730175,Domingos Quina,M S,0,5,Watford,328,0.09227259643375874,0.19721403531730175,2.176339380443096,2.3439767584204674,0
238,1,22,1,5662,7,1,0.9028507005423307,Isaac Mbenza,F M S,0,16,Huddersfield,956,0.9807283263653517,0.9028507005423307,0.631905946880579,2.189676573500037,1
239,0,37,1,6031,2,1,1.0413239188492298,Christopher Schindler,D,1,13,Huddersfield,3266,0.40468719601631165,1.0413239188492298,2.518889032304287,3.203480489552021,4
240,5,35,1,6049,41,1,2.198865436948836,Solly March,F M S,0,43,Brighton,2480,5.207968847826123,2.198865436948836,2.9142616568133235,7.2743821972981095,1
241,1,30,1,6050,19,1,0.9503160733729601,Davy Pröpper,M,0,15,Brighton,2554,1.2174465768039227,0.9503160733729601,4.949895199388266,5.614993963390589,2
242,1,30,1,6051,18,1,0.2495223879814148,Dale Stephens,M S,1,11,Brighton,2485,0.5923441248014569,0.2495223879814148,4.261581048369408,4.766996625810862,6
243,0,13,1,6055,8,1,2.249754436314106,Phil Foden,M S,0,14,Manchester City,316,1.0727547090500593,2.249754436314106,1.748489137738943,4.340557735413313,0
244,4,25,1,6062,22,1,0.8647688515484333,Isaac Hayden,D M S,1,22,Newcastle United,1865,2.4501234013587236,0.8647688515484333,2.830817185342312,5.393959403038025,3
245,1,32,1,6067,9,1,1.423658600077033,Terence Kongolo,D,0,14,Huddersfield,2728,0.8421065825968981,1.423658600077033,1.7151391794905066,3.2573857605457306,4
246,1,30,1,6080,5,1,0.8407720141112804,Victor Lindelöf,D S,0,8,Manchester United,2604,1.5831962525844574,0.8407720141112804,7.977661786600947,8.73652426712215,1
247,1,23,1,6249,4,1,1.6245934972539544,Davinson Sánchez,D S,0,14,Tottenham,1943,0.6246804660186172,1.6245934972539544,6.136755166575313,6.161563603207469,2
248,0,12,1,6306,4,1,0.701966181397438,Juan Foyth,D S,1,4,Tottenham,889,0.7911195959895849,0.701966181397438,3.2597076296806335,3.580928400158882,3
249,1,18,1,6409,4,1,0.2898655664175749,Beram Kayal,M S,0,5,Brighton,937,1.177038300782442,0.2898655664175749,1.194939725100994,1.929511060938239,4
250,0,5,1,6482,1,1,0.26964740455150604,Eddie Nketiah,S,0,3,Arsenal,54,0.13141033053398132,0.26964740455150604,0.6886195540428162,0.9582670032978058,0
251,1,6,1,6504,2,1,1.8935853093862534,Michael Obafemi,F S,0,7,Southampton,131,0.33526965975761414,1.8935853093862534,0.38443638384342194,2.3292872458696365,1
252,0,13,1,6521,3,1,0.7469829162582755,Yerry Mina,D S,0,4,Everton,891,0.13738667219877243,0.7469829162582755,1.9027581792324781,1.9195985775440931,3
253,2,16,1,6681,17,1,3.6233876645565033,Harvey Barnes,F M S,0,40,Leicester,1014,1.933094335719943,3.6233876645565033,3.3486895114183426,7.837974512949586,0
254,1,17,1,6817,12,1,0.9045916921459138,Fred,M S,0,17,Manchester United,1045,0.9538169438019395,0.9045916921459138,5.615097049623728,7.189614643342793,2
255,3,34,1,6823,22,1,5.046998005360365,Sean Morrison,D,0,34,Cardiff,3043,3.4611154198646545,5.046998005360365,1.8358787950128317,3.235846821218729,6
256,0,14,1,6830,7,1,0.6128037981688976,Danny Ward,F S,0,11,Cardiff,426,0.28505802899599075,0.6128037981688976,0.22721913270652294,0.778222244232893,0
257,1,31,1,6835,40,1,1.145194698125124,Tom Cairney,F M S,0,24,Fulham,2207,3.003990411758423,1.145194698125124,6.142074540257454,8.61947807110846,0
258,2,17,1,6841,8,1,0.8676492776721716,Ken Sema,M S,0,12,Watford,772,0.7736617848277092,0.8676492776721716,1.6372309513390064,3.2371841445565224,1
259,0,15,1,6891,3,1,0.5344906076788902,Ryan Fredericks,D S,0,5,West Ham,1077,0.5129354670643806,0.5344906076788902,1.6814147382974625,2.3344962634146214,5
260,0,23,1,6892,3,1,2.524530909024179,Fabián Balbuena,D,0,19,West Ham,2013,0.15304454043507576,2.524530909024179,3.708215445280075,3.7319631464779377,2
261,1,19,1,6928,12,1,1.617042200639844,Kenneth Zohore,F S,0,17,Cardiff,735,0.9054241441190243,1.617042200639844,0.22728825360536575,2.4869729531928897,1
262,3,34,1,7063,41,1,2.692948404699564,Bernard,M S,0,23,Everton,2146,3.2409897204488516,2.692948404699564,4.961461465805769,9.933082452043891,5
263,0,9,1,7078,5,1,0.7535832952708006,Sean Longstaff,M S,0,8,Newcastle United,694,0.5980700682848692,0.7535832952708006,2.139482770115137,2.9326388528570533,2
264,0,13,1,7120,6,1,0.8885874459519982,Kadeem Harris,M S,0,5,Cardiff,346,0.5112699186429381,0.8885874459519982,0.21641383320093155,1.5878789685666561,1
265,1,28,1,7199,16,1,2.3570289239287376,Aron Gunnarsson,M S,0,20,Cardiff,2296,1.7363699087873101,2.3570289239287376,1.6990442629903555,3.348830687813461,5
266,0,21,1,7219,18,1,0.795000096783042,Juninho Bacuna,D M S,0,19,Huddersfield,1418,1.3962508831173182,0.795000096783042,1.103965443558991,2.14177468419075,4
267,0,23,0,111,5,0,0.6773965805768967,Jannik Vestergaard,D,0,14,Southampton,2033,0.5291911493986845,0.6773965805768967,4.323440970852971,4.749757433310151,2
268,0,32,0,181,0,0,0.0,Bernd Leno,GK S,0,0,Arsenal,2833,0.0,0.0,3.035940927453339,3.035940927453339,0
269,0,8,0,200,0,0,0.0,Andreas Christensen,D S,0,0,Chelsea,614,0.0,0.0,2.413801319897175,2.413801319897175,1
270,1,5,0,202,3,0,0.0,Håvard Nordtveit,D S,0,0,Fulham,361,0.11951620317995548,0.0,0.6134678721427917,0.7121493145823479,0
271,0,20,0,248,5,0,0.976336426101625,Elias Kachunga,F M S,0,14,Huddersfield,1181,0.2399290557950735,0.976336426101625,0.8041858747601509,1.6639427095651627,2
272,5,24,0,342,31,0,0.411074984818697,Sead Kolasinac,D M S,0,9,Arsenal,1897,6.741930350661278,0.411074984818697,9.11537654325366,11.89089298993349,5
273,0,12,0,455,0,0,0.0,Artur Boruc,GK,0,0,Bournemouth,1080,0.0,0.0,1.5033307075500488,1.5033307075500488,2
274,2,17,0,456,10,0,0.12115655653178692,Simon Francis,D S,0,3,Bournemouth,1220,0.6046351194381714,0.12115655653178692,4.339400935918093,4.562633994966745,1
275,0,18,0,460,10,0,0.2738317120820284,Andrew Surman,M S,0,9,Bournemouth,1440,0.4786580577492714,0.2738317120820284,3.5818247124552727,4.04227208532393,2
276,0,27,0,485,6,0,0.8266514092683792,Mamadou Sakho,D,0,4,Crystal Palace,2418,0.19482350815087557,0.8266514092683792,5.1786113157868385,5.196555461734533,2
277,0,13,0,486,9,0,0.3037017956376076,Adam Lallana,F M S,0,5,Liverpool,459,0.5410390570759773,0.3037017956376076,1.2620225138962269,1.740591049194336,1
278,0,7,0,491,0,0,0.0,Petr Cech,GK,0,0,Arsenal,587,0.0,0.0,0.5335071589797735,0.5335071589797735,0
279,5,19,0,492,8,0,0.9628532808274031,Héctor Bellerín,D M S,0,18,Arsenal,1539,2.462862718850374,0.9628532808274031,5.913232706487179,8.642914041876793,3
280,0,8,0,496,5,0,0.4484229311347008,Mohamed Elneny,M S,0,7,Arsenal,383,0.22255093604326248,0.4484229311347008,1.8774482384324074,2.36556576192379,0
281,0,18,0,509,0,0,0.0,Wayne Hennessey,GK S,0,0,Crystal Palace,1576,0.0,0.0,1.1737920949235559,1.1737920949235559,0
282,1,10,0,512,2,0,0.2003951296210289,Scott Dann,D S,0,6,Crystal Palace,658,1.155615210533142,0.2003951296210289,0.6440680976957083,0.6440680976957083,1
283,0,1,0,513,0,0,0.0,Pape Souaré,S,0,0,Crystal Palace,1,0.0,0.0,0.0,0.0,0
284,0,11,0,514,5,0,0.6146684400737286,Jason Puncheon,M S,0,6,"Crystal Palace,Huddersfield",389,0.8430848941206932,0.6146684400737286,0.3128299079835415,1.3649474829435349,1
285,1,6,0,519,4,0,0.34290115535259247,Connor Wickham,S,0,5,Crystal Palace,56,0.3942410759627819,0.34290115535259247,0.14185461401939392,0.6588715426623821,0
286,0,4,0,520,0,0,0.0,Bakary Sako,S,0,0,Crystal Palace,19,0.0,0.0,0.0,0.0,0
287,0,1,0,523,0,0,0.0,Julian Speroni,GK,0,0,Crystal Palace,90,0.0,0.0,0.0,0.0,0
288,0,26,0,524,5,0,1.386547114700079,Adrian Mariappa,D S,0,7,Watford,1921,0.6989378873258829,1.386547114700079,3.412798546254635,3.5183895993977785,3
289,0,13,0,525,1,0,0.766651201993227,Martin Kelly,D S,0,3,Crystal Palace,1109,0.02341100387275219,0.766651201993227,0.6801334666088223,0.7035444704815745,2
290,2,31,0,532,14,0,1.6332277320325375,Cheikhou Kouyaté,M S,0,20,Crystal Palace,1900,0.8914871765300632,1.6332277320325375,2.867398815229535,4.047681621275842,3
291,1,20,0,534,17,0,0.4192393869161606,Aaron Cresswell,D S,0,11,West Ham,1586,0.9375781770795584,0.4192393869161606,1.5816016849130392,2.03932798653841,1
292,0,12,0,537,4,0,1.9809727109968662,Andy Carroll,F S,0,14,West Ham,438,0.27577022463083267,1.9809727109968662,1.0697423182427883,2.8107880987226963,2
293,0,2,0,541,1,0,0.0,Victor Moses,S,0,0,Chelsea,24,0.10793885588645935,0.0,0.0,0.10793885588645935,0
294,1,24,0,542,6,0,0.5645457860082388,Pedro Obiang,M S,0,15,West Ham,1112,1.1373455841094255,0.5645457860082388,3.1171025838702917,4.137819157913327,0
295,0,38,0,546,0,0,0.0,David de Gea,GK,0,0,Manchester United,3420,0.0,0.0,3.325026017613709,3.325026017613709,1
296,0,12,0,549,6,0,0.08043561596423388,Timothy Fosu-Mensah,D S,0,4,Fulham,797,0.3679338442161679,0.08043561596423388,2.28059771284461,2.697345983237028,3
297,0,5,0,550,0,0,0.23537218570709229,Marcos Rojo,D S,0,6,Manchester United,208,0.0,0.23537218570709229,0.7083711922168732,0.7415014356374741,2
298,1,14,0,551,8,0,0.10108842514455318,Morgan Schneiderlin,M S,0,3,Everton,831,0.8037043828517199,0.10108842514455318,1.7469275444746017,1.976115247234702,2
299,0,6,0,557,2,0,0.028308825567364693,Matteo Darmian,D M S,0,1,Manchester United,447,0.05041367560625076,0.028308825567364693,0.5339905247092247,0.5790703892707825,0
300,0,1,0,566,0,0,0.0,Sebastian Prödl,S,0,0,Watford,13,0.0,0.0,0.0,0.0,0
301,0,3,0,567,0,0,0.0,Miguel Britos,D S,0,0,Watford,185,0.0,0.0,0.09675513952970505,0.09675513952970505,0
302,0,24,0,586,5,0,0.15878779534250498,John Stones,D M S,0,5,Manchester City,1763,0.21796309389173985,0.15878779534250498,10.240315461531281,10.331685120239854,1
303,0,6,0,588,4,0,0.0755816176533699,Leighton Baines,D S,0,2,Everton,375,0.08348460681736469,0.0755816176533699,0.7900802846997976,0.8094733078032732,0
304,0,1,0,589,0,0,0.0,James McCarthy,S,0,0,Everton,11,0.0,0.0,0.0,0.0,0
305,0,18,0,599,6,0,3.3880744446069,Oumar Niasse,F S,0,20,"Cardiff,Everton",1014,0.7695335391908884,3.3880744446069,0.8395498171448708,4.596771819517016,0
306,1,18,0,603,4,0,0.2646814603358507,Nathaniel Clyne,D S,0,5,"Bournemouth,Liverpool",1259,0.10458910092711449,0.2646814603358507,3.04830377176404,3.3321365006268024,2
307,0,2,0,608,3,0,0.02153877541422844,Alberto Moreno,D,0,1,Liverpool,156,0.1352575272321701,0.02153877541422844,0.43683458864688873,0.5720921158790588,0
308,0,19,0,609,1,0,0.0,Joe Hart,GK,0,0,Burnley,1710,0.024071337655186653,0.0,0.25939773954451084,0.2834690771996975,0
309,1,26,0,610,7,0,0.1561645232141018,Pablo Zabaleta,D S,0,7,West Ham,2099,1.02720876224339,0.1561645232141018,4.110601957887411,4.339205725118518,4
310,0,18,0,611,2,0,1.1752211600542068,Nicolás Otamendi,D S,0,15,Manchester City,1233,0.28912872448563576,1.1752211600542068,7.953523689880967,8.132102424278855,1
311,0,2,0,624,0,0,0.0,Willy Caballero,GK,0,0,Chelsea,180,0.0,0.0,0.4159587323665619,0.4159587323665619,0
312,0,6,0,627,7,0,0.03736411780118942,Antonio Valencia,D M S,0,2,Manchester United,465,0.5265987515449524,0.03736411780118942,1.3759236298501492,1.7253734208643436,2
313,1,14,0,630,3,0,0.7338949181139469,Marouane Fellaini,M S,0,7,Manchester United,728,0.20478246733546257,0.7338949181139469,1.2806164622306824,1.9953793622553349,1
314,0,25,0,635,0,0,0.0,Alex McCarthy,GK,0,0,Southampton,2250,0.0,0.0,1.7642888268455863,1.7642888268455863,1
315,0,1,0,636,0,0,0.0,Luke Dreher,S,0,0,Crystal Palace,1,0.0,0.0,0.0,0.0,0
316,0,33,0,637,0,0,0.0,Hugo Lloris,GK,0,0,Tottenham,2970,0.0,0.0,3.5880960039794445,3.5880960039794445,0
317,0,34,0,639,7,0,0.9871182711794972,Toby Alderweireld,D S,0,19,Tottenham,2926,0.4885504152625799,0.9871182711794972,8.774717004969716,9.215408030897379,3
318,3,26,0,641,26,0,0.7975112218409777,Danny Rose,D M S,0,15,Tottenham,1798,2.5913346894085407,0.7975112218409777,3.090378101915121,4.89063292555511,5
319,0,10,0,642,0,0,0.030214399099349976,Mousa Dembélé,M S,0,1,Tottenham,518,0.0,0.030214399099349976,1.9612399637699127,1.9914543628692627,1
320,0,2,0,651,0,0,0.0,Michel Vorm,GK,0,0,Tottenham,180,0.0,0.0,0.1521744281053543,0.1521744281053543,0
321,0,27,0,660,15,0,0.574660662561655,Ben Davies,D M S,0,14,Tottenham,1831,2.2464851289987564,0.574660662561655,7.862325394526124,9.464484944939613,2
322,0,7,0,667,2,0,0.05712594371289015,Carlos Sánchez,M S,0,3,West Ham,233,0.0455123707652092,0.05712594371289015,0.5463352426886559,0.6369425505399704,0
323,2,33,0,668,18,0,0.5945744486525655,Idrissa Gueye,M S,0,19,Everton,2828,0.9329115226864815,0.5945744486525655,10.310356261208653,11.30564052797854,6
324,0,11,0,674,1,0,0.07749411836266518,Leandro Bacuna,M S,0,5,Cardiff,543,0.0256153866648674,0.07749411836266518,0.5819015428423882,0.674971355125308,2
325,0,6,0,686,3,0,0.05984095484018326,Cesc Fàbregas,M S,0,1,Chelsea,167,0.2152419276535511,0.05984095484018326,2.188558418303728,2.3723046369850636,1
326,0,24,0,694,0,0,0.0,Asmir Begovic,GK,0,0,Bournemouth,2160,0.0,0.0,2.4910213444381952,2.4910213444381952,0
327,0,2,0,699,0,0,0.0,Gary Cahill,S,0,0,Chelsea,22,0.0,0.0,0.01515203807502985,0.01515203807502985,0
328,0,38,0,706,2,0,0.0,Lukasz Fabianski,GK,0,0,West Ham,3420,0.07505099475383759,0.0,1.9431467149406672,2.0181977096945047,0
329,1,19,0,708,5,0,0.08289742842316628,Federico Fernández,D S,0,4,Newcastle United,1486,0.43016227800399065,0.08289742842316628,2.6451705135405064,2.9227584674954414,2
330,1,18,0,723,16,0,0.15218022372573614,Ki Sung-yueng,M S,0,8,Newcastle United,1302,1.077540136873722,0.15218022372573614,3.064987052232027,3.216283936984837,2
331,0,4,0,735,0,0,0.1310959756374359,Jermain Defoe,S,0,1,Bournemouth,13,0.0,0.1310959756374359,0.0,0.1310959756374359,0
332,0,38,0,741,1,0,0.0,Jordan Pickford,GK,0,0,Everton,3420,0.04051636904478073,0.0,2.3357397224754095,2.3762560933828354,1
333,0,38,0,745,1,0,0.08071506768465042,Kasper Schmeichel,GK,0,1,Leicester,3420,0.2929758131504059,0.08071506768465042,3.490090200677514,3.7830659840255976,3
334,0,6,0,746,1,0,0.0,Danny Simpson,D S,0,0,Leicester,288,0.02530643902719021,0.0,0.30895920377224684,0.33426564186811447,0
335,0,3,0,749,6,0,0.06095680221915245,Christian Fuchs,D S,0,2,Leicester,204,0.20425552874803543,0.06095680221915245,0.24251238256692886,0.43718598783016205,0
336,1,21,0,754,1,0,0.2803470101207495,Shinji Okazaki,F S,0,5,Leicester,249,0.11417150497436523,0.2803470101207495,1.0677992096170783,1.2933861566707492,0
337,0,9,0,759,3,0,0.4685515519231558,Daniel Amartey,D S,0,4,Leicester,637,0.10669169388711452,0.4685515519231558,1.0972903799265623,1.171718118712306,2
338,2,18,0,764,12,0,0.46524433605372906,Daryl Janmaat,D S,0,11,Watford,1524,0.579633329063654,0.46524433605372906,2.5010944809764624,3.3639553785324097,3
339,1,32,0,766,3,0,0.39958838606253266,Jamaal Lascelles,D,0,11,Newcastle United,2751,1.203509908169508,0.39958838606253266,3.293871333822608,3.3028786685317755,4
340,3,29,0,772,25,0,0.9559970963746309,Moussa Sissoko,M S,0,15,Tottenham,2344,2.794041261076927,0.9559970963746309,8.834691548720002,10.871969442814589,2
341,4,36,0,782,45,0,0.9728713259100914,Ben Chilwell,D M,0,22,Leicester,3240,3.0730713307857513,0.9728713259100914,7.060785369947553,9.09635160677135,4
342,0,1,0,785,0,0,0.0,John Ruddy,GK,0,0,Wolverhampton Wanderers,90,0.0,0.0,0.0,0.0,0
343,1,16,0,789,14,0,0.6787551874294877,Robbie Brady,M S,1,12,Burnley,701,1.0314605087041855,0.6787551874294877,0.5127438679337502,1.1911319205537438,3
344,0,38,0,803,5,0,0.016696514561772346,Ben Foster,GK,0,1,Watford,3420,0.21406885515898466,0.016696514561772346,2.3592222332954407,2.520907571539283,1
345,0,1,0,831,0,0,0.0,Fraser Forster,GK,0,0,Southampton,90,0.0,0.0,0.0,0.0,0
346,1,17,0,845,5,0,1.8280328121036291,Maya Yoshida,D,0,14,Southampton,1520,1.0708853751420975,1.8280328121036291,2.958919018507004,3.0172281116247177,0
347,0,26,0,853,4,0,0.28301629703491926,Paul Dummett,D S,0,9,Newcastle United,1976,0.3509780988097191,0.28301629703491926,3.4623353676870465,3.78213270008564,1
348,0,19,0,857,7,0,0.25243239663541317,Phil Bardsley,D,0,12,Burnley,1677,1.29353416711092,0.25243239663541317,2.8458788078278303,3.9139294791966677,9
349,0,6,0,872,0,0,0.6116751348599792,Peter Crouch,S,0,5,Burnley,73,0.0,0.6116751348599792,0.4730377495288849,0.9484363868832588,1
350,1,11,0,876,3,0,0.06981028709560633,Fabian Delph,D S,1,4,Manchester City,723,0.3856629505753517,0.06981028709560633,4.826938830316067,4.901690319180489,1
351,2,5,0,877,6,0,0.13094224222004414,Samir Nasri,M S,0,3,West Ham,244,0.5494267866015434,0.13094224222004414,0.39978788048028946,0.614055797457695,0
352,1,25,0,881,10,0,0.8048392524942756,Harry Arter,M S,0,23,Cardiff,2033,0.7227919157594442,0.8048392524942756,2.3454611152410507,3.2769743548706174,10
353,1,3,0,883,3,0,0.0,Steven Davis,M S,0,0,Southampton,96,0.45079314708709717,0.0,0.12865033745765686,0.533798336982727,0
354,3,6,0,885,7,0,0.3468112424015999,Kyle Walker-Peters,D M S,0,2,Tottenham,372,0.4763886630535126,0.3468112424015999,1.4256771821528673,2.0650416631251574,1
355,0,3,0,938,1,0,0.0,Carl Jenkinson,M S,0,0,Arsenal,166,0.055605288594961166,0.0,1.2273365706205368,1.2273365706205368,0
356,1,18,0,951,3,0,0.5517959333956242,Phil Jones,D S,0,5,Manchester United,1266,0.8154117316007614,0.5517959333956242,3.5550849735736847,3.8232289254665375,1
357,1,30,0,959,14,0,0.521325571462512,Joe Bennett,D M,0,10,Cardiff,2648,0.8026727885007858,0.521325571462512,0.7613154267892241,1.589597461745143,5
358,0,2,0,966,1,0,0.4664706289768219,Alex Oxlade-Chamberlain,S,0,1,Liverpool,17,0.11588068306446075,0.4664706289768219,1.2567362785339355,1.3726168870925903,0
359,0,3,0,973,0,0,0.0,Paulo Gazzaniga,GK,0,0,Tottenham,270,0.0,0.0,0.4387647286057472,0.4387647286057472,0
360,0,5,0,985,0,0,0.0,Mason Holgate,D S,0,0,Everton,407,0.0,0.0,0.6817189045250416,0.6817189045250416,1
361,0,16,0,987,7,0,0.2288763802498579,Joseph Gomez,D S,0,5,Liverpool,1052,0.4228671807795763,0.2288763802498579,4.74765482544899,5.0583770647645,2
362,0,5,0,1024,1,0,0.0,Tyrone Mings,D S,0,0,Bournemouth,137,0.06339065730571747,0.0,0.06339065730571747,0.06339065730571747,0
363,1,8,0,1036,5,0,0.17782260477542877,Jack Wilshere,M S,0,2,West Ham,384,0.5347961513325572,0.17782260477542877,0.6268099565058947,1.100212037563324,2
364,0,16,0,1042,5,0,0.31357355043292046,Tom Davies,M S,0,7,Everton,973,0.58919732645154,0.31357355043292046,2.656915619969368,3.372655674815178,3
365,1,10,0,1084,6,0,0.08505235984921455,Jonjoe Kenny,D S,0,3,Everton,791,0.8401080034673214,0.08505235984921455,1.9637693352997303,2.841430392116308,1
366,0,4,0,1178,1,0,0.15259306132793427,Davide Zappacosta,D S,0,2,Chelsea,119,0.1293266862630844,0.15259306132793427,0.7548842430114746,1.0368040055036545,0
367,0,1,0,1181,0,0,0.0,Antonio Barreca,S,0,0,Newcastle United,3,0.0,0.0,0.0,0.0,0
368,0,13,0,1203,1,0,0.5851069986820221,Wesley Hoedt,D,0,6,Southampton,1170,0.017267893999814987,0.5851069986820221,1.9285380318760872,1.9396586641669273,2
369,0,10,0,1245,5,0,0.27292739786207676,Emerson,D S,0,5,Chelsea,653,0.5980899184942245,0.27292739786207676,4.000034302473068,4.018896013498306,0
370,0,38,0,1257,0,0,0.0,Alisson,GK,0,0,Liverpool,3420,0.0,0.0,7.606003455817699,7.606003455817699,1
371,0,14,0,1303,3,0,0.018410898745059967,Stephan Lichtsteiner,D S,0,1,Arsenal,953,0.08645564131438732,0.018410898745059967,1.5909198336303234,1.6605763994157314,3
372,1,14,0,1441,3,0,0.053063672967255116,Adam Masina,D S,0,3,Watford,1004,0.691972266882658,0.053063672967255116,1.1271212007850409,1.4070122428238392,5
373,0,19,0,1651,2,0,0.05880996584892273,Tom Heaton,GK,0,1,Burnley,1710,0.04152071103453636,0.05880996584892273,0.664807291701436,0.6985275167971849,3
374,0,21,0,1652,8,0,0.8291753018274903,Matthew Lowton,D S,0,4,Burnley,1743,0.49654752016067505,0.8291753018274903,2.3069360442459583,3.3565040305256844,7
375,2,38,0,1654,8,0,1.1468779053539038,Ben Mee,D,0,21,Burnley,3420,1.5216835364699364,1.1468779053539038,3.239907618612051,3.2569785080850124,9
376,0,3,0,1655,1,0,0.07846243679523468,Stephen Ward,D,0,1,Burnley,235,0.04650852456688881,0.07846243679523468,0.018254350870847702,0.06476287543773651,1
377,0,6,0,1657,2,0,0.0,Steven Defour,M,0,0,Burnley,459,0.054209088906645775,0.0,0.5395476073026657,0.5573337078094482,0
378,0,9,0,1677,1,0,0.07949111238121986,Nathaniel Chalobah,M S,0,2,Watford,264,0.22298935055732727,0.07949111238121986,0.802977904677391,0.8824690207839012,2
379,1,10,0,1679,8,0,0.7951503349468112,Dominic Solanke,F S,0,11,Bournemouth,322,0.3580827619880438,0.7951503349468112,0.6305435262620449,1.64336730632931,0
380,11,36,0,1688,50,0,0.8616027366369963,Andrew Robertson,D,0,16,Liverpool,3223,8.056077662855387,0.8616027366369963,16.70880425721407,21.826572239398956,4
381,3,18,0,1719,8,0,0.08303647860884666,Javier Manquillo,D M S,0,2,Newcastle United,1098,0.6845885496586561,0.08303647860884666,1.9537241160869598,2.639372207224369,2
382,0,21,0,1725,2,0,1.5429877918213606,Christian Kabasele,D S,1,8,Watford,1585,0.18398072570562363,1.5429877918213606,2.489375114440918,2.5402292497456074,2
383,0,15,0,1727,2,0,0.31890489906072617,Alfie Mawson,D S,0,2,Fulham,1124,0.05239539500325918,0.31890489906072617,1.967911632731557,1.967911632731557,2
384,1,1,0,1729,1,0,0.0,Georges-Kévin Nkoudou,S,0,0,Tottenham,3,0.6077455282211304,0.0,0.0,0.6077455282211304,0
385,0,3,0,1730,0,0,0.3054769039154053,Vincent Janssen,S,0,3,Tottenham,34,0.0,0.3054769039154053,0.0,0.3054769039154053,0
386,0,12,0,1739,0,0,0.24984122812747955,Eric Bailly,D S,1,3,Manchester United,639,0.0,0.24984122812747955,2.9941693102009594,2.9941693102009594,0
387,1,6,0,1747,1,0,0.03071138821542263,Kevin Long,D S,0,1,Burnley,514,0.4060726463794708,0.03071138821542263,0.1912013441324234,0.5972739905118942,0
388,0,10,0,1749,2,0,0.12041006237268448,Rob Holding,D S,0,2,Arsenal,807,0.1658618003129959,0.12041006237268448,2.418540269136429,2.431092709302902,1
389,0,7,0,1759,0,0,0.0,Ben Hamer,GK,0,0,Huddersfield,552,0.0,0.0,0.0903920978307724,0.0903920978307724,0
390,1,23,0,1760,14,0,0.07404853962361813,Arthur Masuaku,D S,0,4,West Ham,1759,1.0198715031147003,0.07404853962361813,2.968191446736455,3.520279275253415,2
391,0,2,0,1763,2,0,0.5551805607974529,Stefano Okaka,S,0,2,Watford,18,0.149380624294281,0.5551805607974529,0.0,0.6590576618909836,1
392,0,4,0,1764,3,0,0.0,Ramadan Sobhi,S,0,0,Huddersfield,68,0.17700034379959106,0.0,0.04244822822511196,0.21944856457412243,0
393,0,31,0,1785,5,0,0.06690591759979725,Nampalys Mendy,M S,0,2,Leicester,2085,0.21521641872823238,0.06690591759979725,2.9962812550365925,3.1266146637499332,5
394,0,13,0,1789,2,0,0.13382913451641798,Lewis Cook,M S,0,4,Bournemouth,718,0.05611182376742363,0.13382913451641798,2.1541230380535126,2.2901887875050306,2
395,1,25,0,1950,18,0,0.18712186720222235,Martín Montoya,D S,0,8,Brighton,2165,1.1847680611535907,0.18712186720222235,3.640393676236272,4.343376721255481,4
396,0,8,0,2065,1,0,0.2734217047691345,Vicente Iborra,M S,0,2,Leicester,220,0.10496697574853897,0.2734217047691345,0.23042921721935272,0.23042921721935272,0
397,0,29,0,2072,2,0,0.0,Sergio Rico,GK,0,0,Fulham,2610,0.07646976411342621,0.0,2.28511955216527,2.3615893237292767,1
398,0,20,0,2190,0,0,0.0,Vicente Guaita,GK,0,0,Crystal Palace,1754,0.0,0.0,0.5553672816604376,0.5553672816604376,2
399,2,32,0,2254,25,0,2.017641892656684,Mateo Kovacic,M S,0,28,Chelsea,1756,2.013349941931665,2.017641892656684,6.00314780883491,8.756808152422309,3
400,0,4,0,2308,0,0,0.0,Denis Suárez,S,0,0,Arsenal,59,0.0,0.0,0.043597329407930374,0.043597329407930374,0
401,0,34,0,2385,0,0,0.0,Mat Ryan,GK,0,0,Brighton,3060,0.0,0.0,0.9535476239398122,0.9535476239398122,2
402,0,2,0,2587,0,0,0.0,Fabri,GK,0,0,Fulham,180,0.0,0.0,0.543460488319397,0.543460488319397,0
403,1,28,0,2640,11,0,0.2812918461859226,Erik Durm,D M S,0,10,Huddersfield,2049,0.47256359923630953,0.2812918461859226,1.891697191633284,2.3992437794804573,0
404,3,14,0,2958,12,0,0.20922043826431036,Oleksandr Zinchenko,D M,0,7,Manchester City,1153,1.7170525109395385,0.20922043826431036,8.520952329039574,9.430887788534164,1
405,1,26,0,3304,9,0,0.15703663416206837,Maxime Le Marchand,D S,0,5,Fulham,2251,0.8136745532974601,0.15703663416206837,5.061258481815457,5.662331676110625,5
406,5,10,0,3389,12,0,0.22571563348174095,Benjamin Mendy,D M,0,7,Manchester City,900,2.0475864401087165,0.22571563348174095,6.811544314026833,8.096011504530907,1
407,1,31,0,3468,4,0,0.0,Jonas Lössl,GK S,0,0,Huddersfield,2778,0.39287226274609566,0.0,0.9193092435598373,1.286074222996831,1
408,2,8,0,3600,6,0,0.13692721724510193,Serge Aurier,D M S,0,4,Tottenham,566,1.2592019140720367,0.13692721724510193,2.5084127709269524,3.3229645155370235,1
409,0,1,0,4406,1,0,0.0,Lazar Markovic,S,0,0,Fulham,42,0.013624735176563263,0.0,0.0,0.013624735176563263,0
410,0,4,0,4467,0,0,0.0,Jazz Richards,S,0,0,Cardiff,117,0.0,0.0,0.0,0.0,0
411,0,29,0,4471,2,0,1.0539298122748733,Mohamed Diamé,M S,0,20,Newcastle United,2172,0.1333967112004757,1.0539298122748733,4.388233642093837,5.132169581949711,3
412,0,4,0,4483,0,0,0.0,Sam Gallagher,S,0,0,Southampton,30,0.0,0.0,0.0,0.0,0
413,1,38,0,4883,6,0,1.2095470875501633,Bruno Ecuele Manga,D S,0,10,Cardiff,3374,0.28514517983421683,1.2095470875501633,0.9345031436532736,1.074945729225874,0
414,0,36,0,5061,0,0,0.0,Kepa,GK,0,0,Chelsea,3240,0.0,0.0,5.416644170880318,5.416644170880318,2
415,0,12,0,5065,11,0,0.18088901415467262,Diego Rico,D M S,0,9,Bournemouth,600,1.2170707732439041,0.18088901415467262,0.6581922024488449,1.2552986992523074,1
416,0,12,0,5073,6,0,0.2765634413808584,Florian Lejeune,D,0,7,Newcastle United,1057,0.29143574461340904,0.2765634413808584,2.278653621673584,2.3515918850898743,0
417,0,2,0,5085,0,0,0.0,Marc Navarro,D S,0,0,Watford,87,0.0,0.0,0.0,0.0,0
418,0,24,0,5215,23,0,0.2224596906453371,Florent Hadergjonaj,D M S,0,6,Huddersfield,1843,1.380697287619114,0.2224596906453371,1.3660808447748423,2.309495070949197,1
419,1,22,0,5245,10,0,0.3528812639415264,Bernardo,D S,0,8,Brighton,1740,0.5762905376031995,0.3528812639415264,1.721323387697339,2.3049700912088156,4
420,0,6,0,5264,0,0,0.05584140494465828,Caglar Söyüncü,D S,0,2,Leicester,373,0.0,0.05584140494465828,0.5203310362994671,0.5203310362994671,1
421,0,12,0,5544,0,0,0.0,Angus Gunn,GK,0,0,Southampton,1080,0.0,0.0,0.33398132771253586,0.33398132771253586,0
422,2,21,0,5556,10,0,1.568968292325735,Ademola Lookman,M S,0,12,Everton,575,1.611437514424324,1.568968292325735,2.2015602439641953,4.338541761040688,0
423,1,7,0,5565,1,0,0.7687911465764046,Josh Sims,M S,0,5,Southampton,205,0.698920726776123,0.7687911465764046,0.41221651434898376,1.879928357899189,0
424,3,35,0,5584,14,0,0.3732242938131094,Aaron Wan-Bissaka,D,1,9,Crystal Palace,3136,2.2901109037920833,0.3732242938131094,5.101706737652421,7.099252538755536,4
425,0,2,0,5598,0,0,0.1069332305341959,Angel Gomes,S,0,2,Manchester United,23,0.0,0.1069332305341959,0.17405927181243896,0.2809925004839897,0
426,0,2,0,5602,1,0,0.37939202785491943,Sam Surridge,S,0,2,Bournemouth,9,0.03785677254199982,0.37939202785491943,0.0,0.41724881529808044,0
427,0,28,0,5609,13,0,1.7799658132717013,Yves Bissouma,M S,0,31,Brighton,1757,0.9938525967299938,1.7799658132717013,3.1750624775886536,4.976572394371033,5
428,0,12,0,5740,5,0,0.8706765249371529,Adama Diakhaby,F M S,0,7,Huddersfield,560,0.5404304750263691,0.8706765249371529,0.27838920429348946,1.3227422647178173,1
429,0,33,0,5759,17,0,0.48229107446968555,Matteo Guendouzi,M S,0,16,Arsenal,2132,1.5040014944970608,0.48229107446968555,12.147169291973114,13.771110136061907,9
430,0,1,0,5767,1,0,0.0,Fousseni Diabate,M,0,0,Leicester,55,0.07528402656316757,0.0,0.0,0.07528402656316757,0
431,0,15,0,6029,7,0,0.07578589022159576,Tommy Smith,D S,1,3,Huddersfield,1138,0.3938208967447281,0.07578589022159576,0.8312791110947728,1.1677420688793063,2
432,2,29,0,6032,20,0,0.4915370186790824,Chris Löwe,D M S,0,18,Huddersfield,2052,1.7837480790913105,0.4915370186790824,1.597274586558342,3.101570918224752,2
433,0,2,0,6035,1,0,0.0,Collin Quaner,S,0,0,Huddersfield,34,0.09769170731306076,0.0,0.10857203137129545,0.10857203137129545,0
434,0,5,0,6036,4,0,0.23703227564692497,Rajiv van La Parra,F M,0,5,Huddersfield,411,0.06990411877632141,0.23703227564692497,0.104132030159235,0.39200353994965553,0
435,0,5,0,6037,1,0,0.015552564524114132,Danny Williams,M S,0,1,Huddersfield,94,0.031034724786877632,0.015552564524114132,0.0684328954666853,0.08398545999079943,1
436,1,23,0,6038,9,0,2.6720804320648313,Laurent Depoitre,F S,0,30,Huddersfield,1039,0.45641087274998426,2.6720804320648313,0.09160278737545013,2.7286373591050506,1
437,0,1,0,6041,0,0,0.0,Joel Coleman,GK,0,0,Huddersfield,90,0.0,0.0,0.0,0.0,0
438,1,25,0,6042,9,0,0.843163562938571,Jan Bednarek,D S,0,5,Southampton,2150,0.6224703937768936,0.843163562938571,3.6471180533990264,4.15869961399585,7
439,1,38,0,6044,11,0,0.10902031417936087,Charlie Taylor,D S,0,6,Burnley,3238,1.4475778862833977,0.10902031417936087,3.8603310342878103,4.402470188215375,2
440,1,14,0,6046,6,0,0.06698440201580524,Bruno,D,0,2,Brighton,1150,0.5888879615813494,0.06698440201580524,1.7048961473628879,2.223366688005626,2
441,1,38,0,6054,3,0,0.0,Ederson,GK,0,0,Manchester City,3420,0.07219662703573704,0.0,7.549603767693043,7.599130880087614,2
442,1,9,0,6063,1,0,0.033076788298785686,Jacob Murphy,M S,0,2,Newcastle United,293,0.6086342334747314,0.033076788298785686,0.0,0.6417110217735171,0
443,0,22,0,6105,9,0,0.069480637088418,Gaëtan Bong,D S,0,2,Brighton,1802,0.4776688078418374,0.069480637088418,3.5306791868060827,3.708820505067706,0
444,1,15,0,6231,6,0,0.6221191585063934,José Izquierdo,F M S,0,15,Brighton,803,0.4745671898126602,0.6221191585063934,0.3064800500869751,1.137916224077344,1
445,0,2,0,6296,0,0,0.0,Abdelhamid Sabiri,F S,0,0,Huddersfield,51,0.0,0.0,0.026139868423342705,0.026139868423342705,0
446,1,29,0,6301,15,0,0.2550542373210192,Jonathan Hogg,M,1,8,Huddersfield,2392,0.7261039465665817,0.2550542373210192,2.1503456942737103,2.7212886586785316,8
447,0,6,0,6410,0,0,0.36937708966434,Jack Simpson,D S,0,2,Bournemouth,407,0.0,0.36937708966434,0.34872982278466225,0.34872982278466225,0
448,0,9,0,6418,5,0,0.47463238053023815,Hamza Choudhury,M S,0,4,Leicester,597,0.5052471477538347,0.47463238053023815,1.0719102546572685,1.9858073014765978,0
449,0,1,0,6424,0,0,0.0,Ben Johnson,D,0,0,West Ham,64,0.0,0.0,0.0,0.0,0
450,0,22,0,6434,7,0,0.6529496442526579,Franck Zambo,M S,1,21,Fulham,1515,0.251718926243484,0.6529496442526579,6.330409485846758,6.868557538837194,1
451,1,10,0,6456,9,0,0.9915980324149132,Callum Hudson-Odoi,F S,0,6,Chelsea,390,1.5700713135302067,0.9915980324149132,1.0847015492618084,3.4173001274466515,0
452,0,1,0,6457,0,0,0.0,Emerson Hyndman,S,0,0,Bournemouth,34,0.0,0.0,0.052349016070365906,0.052349016070365906,0
453,0,2,0,6464,0,0,0.0,Adrien Silva,M S,0,0,Leicester,86,0.0,0.0,0.1162872239947319,0.1162872239947319,0
454,0,12,0,6531,3,0,0.4589549982920289,Alexander Sørloth,S,0,4,Crystal Palace,156,0.6892501339316368,0.4589549982920289,0.1940680369734764,1.2195227444171906,0
455,0,38,0,6532,0,0,0.0,Martin Dubravka,GK,0,0,Newcastle United,3420,0.0,0.0,3.6917171040549874,3.6917171040549874,1
456,0,2,0,6630,0,0,0.13265757262706757,Joe Willock,M S,0,2,Arsenal,66,0.0,0.13265757262706757,0.0,0.13265757262706757,0
457,1,17,0,6651,12,0,0.6380331479012966,Grady Diangana,M S,0,10,West Ham,602,1.220816358923912,0.6380331479012966,1.246607270091772,2.2976640164852142,0
458,0,1,0,6666,0,0,0.0,Rafael Camacho,S,0,0,Liverpool,1,0.0,0.0,0.0,0.0,0
459,0,4,0,6722,1,0,0.09594722092151642,Konstantinos Mavropanos,D S,0,2,Arsenal,149,0.5670658349990845,0.09594722092151642,0.32860856503248215,0.32860856503248215,1
460,0,1,0,6819,0,0,0.0,Luke Amos,S,0,0,Tottenham,1,0.0,0.0,0.0,0.0,0
461,0,38,0,6821,2,0,0.0,Neil Etheridge,GK,0,0,Cardiff,3420,0.09248813986778259,0.0,1.472939665429294,1.565427802503109,2
462,0,20,0,6822,2,0,0.03597588092088699,Lee Peltier,D S,0,1,Cardiff,1539,0.06545000895857811,0.03597588092088699,1.6537727564573288,1.6744470410048962,3
463,0,28,0,6825,33,0,0.6085959309712052,Joe Ralls,M S,1,23,Cardiff,1961,3.596278890967369,1.3697647610679269,2.5862511470913887,3.720104107633233,4
464,0,5,0,6829,0,0,0.0,Gary Madine,S,0,0,Cardiff,23,0.0,0.0,0.06479193456470966,0.06479193456470966,0
465,0,7,0,6831,5,0,0.0667789913713932,Greg Cunningham,D,0,2,Cardiff,630,0.22309443540871143,0.0667789913713932,0.25556340254843235,0.43332187086343765,3
466,1,28,0,6833,17,0,0.38507280591875315,Cyrus Christie,D M S,0,12,Fulham,1932,1.1976567432284355,0.38507280591875315,4.053205328062177,4.81176770105958,7
467,1,28,0,6834,24,0,0.5458204336464405,Joe Bryan,D M S,0,21,Fulham,2364,4.4036651737987995,0.5458204336464405,4.914038168266416,7.157665790989995,5
468,0,15,0,6836,4,0,0.10936866234987974,Kevin McDonald,M S,1,4,Fulham,843,0.09823510237038136,0.10936866234987974,1.8270030841231346,1.9747227057814598,4
469,0,12,0,6838,1,0,0.0396057553589344,Stefan Johansen,M S,0,1,Fulham,406,0.05213817209005356,0.0396057553589344,0.7204708009958267,0.7726089730858803,4
470,0,3,0,6839,0,0,0.0,Ibrahima Cissé,M S,0,0,Fulham,85,0.0,0.0,0.019122401252388954,0.019122401252388954,0
471,0,7,0,6840,0,0,0.04974563792347908,Neeskens Kebano,S,0,1,Fulham,93,0.0,0.04974563792347908,0.04398292023688555,0.09372855816036463,0
472,0,19,0,6842,5,0,0.7015584567561746,Alireza Jahanbakhsh,F M S,0,21,Brighton,1021,0.19394046626985073,0.7015584567561746,0.4520327290520072,1.114076024852693,2
473,0,4,0,6843,0,0,0.0,David Button,GK,0,0,Brighton,360,0.0,0.0,0.13064605370163918,0.13064605370163918,0
474,0,37,0,6849,0,0,0.0,Rui Patrício,GK,0,0,Wolverhampton Wanderers,3330,0.0,0.0,1.1828956957906485,1.1828956957906485,0
475,0,38,0,6851,2,0,0.0,Conor Coady,D,0,0,Wolverhampton Wanderers,3420,0.013486512005329132,0.0,6.77905329875648,6.792539803311229,5
476,1,7,0,6855,2,0,1.5466290600597858,Léo Bonatini,S,0,9,Wolverhampton Wanderers,117,0.16197427362203598,1.5466290600597858,0.9245349988341331,2.559855841100216,0
477,0,17,0,6856,6,0,0.45068912766873837,Rúben Vinagre,M S,0,4,Wolverhampton Wanderers,697,0.8691692277789116,0.45068912766873837,1.9428537171334028,3.1106031388044357,1
478,1,26,0,6857,11,0,0.9925081226974726,Morgan Gibbs-White,F M S,0,8,Wolverhampton Wanderers,628,1.3041689451783895,0.9925081226974726,1.9587363209575415,3.631220370531082,1
479,0,16,0,6894,15,0,2.2058661356568336,Mohamed Elyounoussi,M S,0,20,Southampton,786,1.1448207721114159,2.2058661356568336,1.0457502156496048,3.5312400087714195,0
480,0,7,0,7076,0,0,0.0,Marcus Bettinelli,GK,0,0,Fulham,630,0.0,0.0,0.388956930488348,0.388956930488348,1
481,1,31,0,7077,11,0,0.7200843226164579,Denis Odoi,D S,0,10,Fulham,2591,0.5702596250921488,0.7200843226164579,4.091444089077413,4.536650261841714,4
482,0,26,0,7184,3,0,0.019543631002306938,Tim Ream,D S,0,1,Fulham,2057,0.23942072689533234,0.019543631002306938,2.5205955281853676,2.7600162550807,1
483,0,8,0,7198,1,0,0.05731950141489506,Oliver Skipp,M S,0,2,Tottenham,207,0.028557028621435165,0.05731950141489506,0.4829076752066612,0.4829076752066612,0
484,0,2,0,7215,0,0,0.031248409301042557,Loïc Damour,S,0,1,Cardiff,17,0.0,0.031248409301042557,0.4196097943931818,0.45085821487009525,0
485,0,2,0,7216,0,0,0.0,Ben Wilmot,S,0,0,Watford,24,0.0,0.0,0.09073714911937714,0.09073714911937714,0
486,2,16,0,7281,17,0,0.7152230059728026,Diogo Dalot,D F M S,0,15,Manchester United,1015,2.734175354242325,0.7152230059728026,2.370808493345976,4.422731562517583,3
487,0,1,0,7312,1,0,0.06972305476665497,Xande Silva,S,0,2,West Ham,15,0.013910576701164246,0.06972305476665497,0.0,0.08363363146781921,0
488,0,1,0,7314,0,0,0.0,Tyreke Johnson,S,0,0,Southampton,1,0.0,0.0,0.0,0.0,0
489,0,1,0,7322,0,0,0.0,Bukayo Saka,S,0,0,Arsenal,6,0.0,0.0,0.0,0.0,0
490,0,1,0,7326,0,0,0.0,Kayne Ramsay,D,0,0,Southampton,90,0.0,0.0,0.0,0.0,0
491,0,1,0,7332,0,0,0.0,Max Kilman,S,0,0,Wolverhampton Wanderers,1,0.0,0.0,0.0,0.0,0
492,0,3,0,7335,0,0,0.10085175186395645,Callum Slattery,M S,0,1,Southampton,107,0.0,0.10085175186395645,0.16383428871631622,0.26468604803085327,0
493,0,3,0,7340,1,0,0.04431283473968506,Rhys Healey,S,0,1,Cardiff,30,0.03215847909450531,0.04431283473968506,0.22995734214782715,0.3064286708831787,0
494,1,13,0,7384,2,0,0.05043796822428703,Chris Mepham,D S,0,2,Bournemouth,850,0.6852378845214844,0.05043796822428703,0.9470229968428612,0.959799425676465,1
495,0,10,0,7420,13,0,1.5924234967678785,Miguel Almirón,F M S,0,19,Newcastle United,774,0.6939394306391478,1.5924234967678785,1.5125926760956645,3.5701078474521637,0
496,0,1,0,7437,0,0,0.0,Demeaco Duhaney,D,0,0,Huddersfield,49,0.0,0.0,0.0,0.0,0
497,0,1,0,7438,0,0,0.0,James Garner,S,0,0,Manchester United,1,0.0,0.0,0.0,0.0,0
498,0,2,0,7439,0,0,0.2937692403793335,Tahith Chong,S,0,2,Manchester United,35,0.0,0.2937692403793335,0.19664929807186127,0.49041855335235596,0
499,0,2,0,7458,0,0,0.0,Matty Daly,S,0,0,Huddersfield,71,0.0,0.0,0.0,0.0,0
500,0,1,0,7459,0,0,0.0,Will Norris,S,0,0,Wolverhampton Wanderers,1,0.0,0.0,0.0,0.0,0
501,0,2,0,7487,0,0,0.0,Aaron Rowe,M S,0,0,Huddersfield,68,0.0,0.0,0.022514449432492256,0.022514449432492256,0
502,0,3,0,7490,3,0,0.7973630428314209,Mason Greenwood,F S,0,7,Manchester United,111,0.07234492897987366,0.7973630428314209,0.6869975328445435,1.0192557573318481,0
503,0,2,0,7546,0,0,0.056498244404792786,Harvey Elliott,S,0,1,Fulham,16,0.0,0.056498244404792786,0.03978077694773674,0.09627901762723923,0
504,0,2,0,7582,0,0,0.0,Mark Travers,GK,0,0,Bournemouth,180,0.0,0.0,0.9676404297351837,0.9676404297351837,0
