name,World Cup xG,World Cup goals,games,team_title,time,League,goals per 90 mins,npg per 90 mins,npxG per 90 mins,shots per 90 mins,xG per 90 mins,xGBuildup per 90 mins,xGChain per 90 mins
Aaron Mooy,0.09,0,29.0,Huddersfield,2326.0,English Premier League,0.11607910576096304,0.07738607050730867,0.06419789562560778,1.6638005159071363,0.09364982829080863,0.13471502581689754,0.201850083447602
Achraf Hakimi,0.06,0,21.0,Borussia Dortmund,1740.0,Bundesliga,0.10344827586206896,0.10344827586206896,0.08718109699287291,1.0344827586206895,0.08718109699287291,0.4345391263607247,0.5642467454589647
Adem Ljajic,0.06,0,1.0,Torino,27.0,Serie A,0.0,0.0,0.22317200899124148,6.666666666666666,0.22317200899124148,0.36713113387425744,0.5903031428654988
Adnan Januzaj,0.16,1,20.0,Real Sociedad,1243.0,La Liga,0.07240547063555912,0.07240547063555912,0.18787041661642007,2.316975060337892,0.18787041661642007,0.14492613593099915,0.4143848999426644
Adrien Silva,0.06,0,2.0,Leicester,86.0,English Premier League,0.0,0.0,0.0,0.0,0.0,0.12169593208751013,0.12169593208751013
Adrien Silva,0.06,0,15.0,Monaco,1183.0,Ligue 1,0.0,0.0,0.018605428298310214,0.6846999154691462,0.018605428298310214,0.21888326042641146,0.25477008056446643
Alan Dzagoev,0.19,1,7.0,CSKA Moscow,421.0,Russian Premier League,0.0,0.0,0.2563158753648789,2.7790973871733966,0.2563158753648789,0.1694158200979799,0.4741501967442574
Albin Ekdal,0.12,0,32.0,Sampdoria,2660.0,Serie A,0.0,0.0,0.024363214486187564,0.5075187969924811,0.024363214486187564,0.2870744667261055,0.3167713370272203
Aleksandar Kolarov,0.06,1,33.0,Roma,2904.0,Serie A,0.2479338842975207,0.15495867768595042,0.07115829388672594,1.3016528925619837,0.14193897267364827,0.2909397081787552,0.4318917242517649
Aleksandar Mitrovic,2.12,1,37.0,Fulham,3285.0,English Premier League,0.3013698630136986,0.273972602739726,0.4025095096751027,3.589041095890411,0.4233634520628273,0.1471635546178034,0.5177299471138275
Aleksandr Erokhin,0.39,0,16.0,Zenit St. Petersburg,1155.0,Russian Premier League,0.4675324675324675,0.4675324675324675,0.33164258018232784,2.493506493506493,0.33164258018232784,0.1961176005470288,0.5475229019081437
Aleksandr Golovin,0.25,2,30.0,Monaco,2318.0,Ligue 1,0.1164797238999137,0.1164797238999137,0.1708872667196383,1.9413287316652288,0.1708872667196383,0.18005538636993704,0.3923928886378784
Aleksandr Samedov,0.09,0,17.0,"Krylya Sovetov Samara,Spartak Moscow",955.0,Russian Premier League,0.0,0.0,0.08654581858771634,1.225130890052356,0.08654581858771634,0.18595763078417765,0.3090220280869313
Alex Iwobi,0.29000000000000004,0,35.0,Arsenal,1974.0,English Premier League,0.13677811550151975,0.13677811550151975,0.16960372477430158,1.595744680851064,0.16960372477430158,0.4359209802182883,0.830112449303949
Alfred Finnbogason,0.66,1,18.0,Augsburg,1372.0,Bundesliga,0.6559766763848396,0.3935860058309038,0.5527403357414306,2.6239067055393583,0.7515579333621193,0.09842416338769193,0.6917461722752528
Alireza Jahanbakhsh,0.1,0,19.0,Brighton,1021.0,English Premier League,0.0,0.0,0.0618415877649909,1.8511263467189032,0.0618415877649909,0.03984617592035323,0.09820454675488967
Amine Harit,0.18,0,18.0,Schalke 04,1085.0,Bundesliga,0.08294930875576037,0.08294930875576037,0.09041406709511984,0.9953917050691244,0.09041406709511984,0.18542043354860102,0.3726108107836016
Andreas Cornelius,0.13,0,20.0,Bordeaux,756.0,Ligue 1,0.3571428571428571,0.3571428571428571,0.2339832063409544,2.619047619047619,0.2339832063409544,0.07205649012965815,0.32544075023560304
Andrej Kramaric,0.8700000000000001,2,30.0,Hoffenheim,2418.0,Bundesliga,0.6327543424317619,0.4466501240694789,0.6338366186223164,4.131513647642681,0.8030611555792262,0.4801569207254844,1.1522005072727837
André Silva,0.16,0,27.0,Sevilla,2170.0,La Liga,0.3732718894009217,0.3732718894009217,0.4656650940994926,2.6129032258064515,0.4656650940994926,0.2256035194624953,0.7732782946719279
Andrés Guardado,0.79,0,31.0,Real Betis,2343.0,La Liga,0.0,0.0,0.06019132872435256,0.998719590268886,0.06019132872435256,0.34862605723696705,0.4932079507126241
Ante Rebic,0.81,1,28.0,Eintracht Frankfurt,1995.0,Bundesliga,0.406015037593985,0.406015037593985,0.47406348861978,2.7518796992481205,0.47406348861978,0.12834386320266508,0.7253347023117138
Antoine Griezmann,1.4400000000000002,4,37.0,Atletico Madrid,3213.0,La Liga,0.4201680672268908,0.33613445378151263,0.3467829244508713,3.1652661064425764,0.4092396483482684,0.2398730629235924,0.5751988405481774
Arkadiusz Milik,0.17,0,35.0,Napoli,2403.0,Serie A,0.6367041198501873,0.6367041198501873,0.5272800995783412,4.157303370786518,0.5272800995783412,0.21341480583315264,0.7419834207841074
Aron Gunnarsson,0.19,0,28.0,Cardiff,2296.0,English Premier League,0.039198606271777,0.039198606271777,0.0923922487602728,0.7839721254355401,0.0923922487602728,0.06660016710328047,0.13126949560244405
Artem Dzyuba,1.06,3,27.0,Zenit St. Petersburg,2366.0,Russian Premier League,0.3043110735418428,0.3043110735418428,0.3263151566147653,2.4344885883347422,0.3263151566147653,0.3125364563623892,0.806358529983792
Ashley Young,0.11,0,30.0,Manchester United,2565.0,English Premier League,0.07017543859649122,0.07017543859649122,0.01734260953309243,0.4210526315789474,0.01734260953309243,0.2876927193352267,0.36968978829355104
Axel Witsel,0.21,0,33.0,Borussia Dortmund,2873.0,Bundesliga,0.12530455969369994,0.12530455969369994,0.09015945978968393,1.1277410372432997,0.09015945978968393,0.47893540846204,0.5661205204156398
Bartosz Bereszynski,0.06,0,27.0,Sampdoria,2196.0,Serie A,0.0,0.0,0.011116390337892731,0.3688524590163935,0.011116390337892731,0.2739776835822669,0.2868246923765687
Benjamin Pavard,0.16,1,29.0,VfB Stuttgart,2610.0,Bundesliga,0.0,0.0,0.014118277114526982,0.4137931034482759,0.014118277114526982,0.13594244574678355,0.14137801611474876
Bernardo Silva,0.21,0,36.0,Manchester City,2851.0,English Premier League,0.2209750964573834,0.2209750964573834,0.2587530763100497,1.9572079971939669,0.2587530763100497,0.5332289078909549,0.9448714965646704
Blaise Matuidi,0.28,0,31.0,Juventus,2445.0,Serie A,0.11042944785276074,0.11042944785276074,0.05913414771845736,0.6993865030674846,0.05913414771845736,0.3004848555050379,0.39497512626958775
Blerim Dzemaili,0.8600000000000001,1,28.0,Bologna,1747.0,Serie A,0.05151688609044075,0.05151688609044075,0.09397565880305236,2.266742987979393,0.09397565880305236,0.24088201677596224,0.3747660533642864
Breel Embolo,0.38,0,20.0,Schalke 04,1357.0,Bundesliga,0.3316138540899042,0.3316138540899042,0.3320132321956057,1.724392041267502,0.3320132321956057,0.052504044674012984,0.4469186915860249
Carlos Bacca,0.32,0,33.0,Villarreal,1250.0,La Liga,0.432,0.36,0.23112328925728806,2.232,0.2846392771303653,0.08932448056340216,0.3642758734077216
Casemiro,0.24,0,29.0,Real Madrid,2317.0,La Liga,0.11652999568407425,0.11652999568407425,0.06461681035999653,1.5537332757876563,0.06461681035999653,0.3400632957728916,0.37588946123349803
Chicharito,0.47,1,25.0,West Ham,1336.0,English Premier League,0.4715568862275449,0.4715568862275449,0.5318069550861231,2.4925149700598803,0.5318069550861231,0.05083073088118505,0.5176643457843694
Christian Cueva,0.16,0,15.0,FC Krasnodar,478.0,Russian Premier League,0.0,0.0,0.18706051284003086,1.6945606694560669,0.18706051284003086,0.5860341979369957,0.8814171953399562
Christian Eriksen,0.6300000000000001,1,35.0,Tottenham,2772.0,English Premier League,0.2597402597402597,0.2597402597402597,0.183800318363038,2.6948051948051948,0.183800318363038,0.29546032883468776,0.5404475844138629
Corentin Tolisso,0.09,0,2.0,Bayern Munich,51.0,Bundesliga,1.7647058823529411,1.7647058823529411,0.1322928465464536,1.7647058823529411,0.1322928465464536,0.050106139524894594,0.3763115975786657
Cristhian Stuani,0.06,0,32.0,Girona,2736.0,La Liga,0.625,0.4605263157894737,0.3515314234812793,2.5986842105263155,0.4737726219096466,0.1445265246653243,0.4254616308026016
Cristiano Ronaldo,1.5300000000000005,4,31.0,Juventus,2692.0,Serie A,0.7020802377414561,0.5349182763744428,0.6270675397551387,5.850668647845469,0.7797784514221491,0.23995561758748205,0.7306371793361245
Daler Kuzyaev,0.23,1,18.0,Zenit St. Petersburg,1408.0,Russian Premier League,0.1278409090909091,0.1278409090909091,0.06879446849449199,0.703125,0.06879446849449199,0.3253640324956822,0.3940972033226651
Daniel Carvajal,0.16,0,24.0,Real Madrid,2105.0,La Liga,0.04275534441805225,0.04275534441805225,0.015633232785375557,0.4703087885985748,0.015633232785375557,0.34755642198008474,0.4352564824802575
Danny Rose,0.06,0,26.0,Tottenham,1798.0,English Premier League,0.0,0.0,0.039919916554887636,0.7508342602892102,0.039919916554887636,0.1546907837443609,0.2448036503336819
Danny Welbeck,0.14,0,8.0,Arsenal,137.0,English Premier League,0.656934306569343,0.656934306569343,0.5209299421658481,2.627737226277372,0.5209299421658481,0.4630530965480491,1.1258479098986536
David Silva,0.7900000000000001,0,33.0,Manchester City,2426.0,English Premier League,0.2225886232481451,0.2225886232481451,0.3015432709418022,1.8920032976092331,0.3015432709418022,0.6991728026072839,1.1429051036646272
Davinson Sánchez,0.26,0,23.0,Tottenham,1943.0,English Premier League,0.04632012352032939,0.04632012352032939,0.07525137146312708,0.6484817292846115,0.07525137146312708,0.284255257329788,0.2854043871789357
Dawid Kownacki,0.19,0,10.0,Fortuna Duesseldorf,574.0,Bundesliga,0.627177700348432,0.627177700348432,0.2742955237237626,1.8815331010452965,0.2742955237237626,0.15512221350045774,0.3863308691656549
Dawid Kownacki,0.19,0,13.0,Sampdoria,145.0,Serie A,0.6206896551724138,0.0,0.14590426945480808,3.724137931034482,1.0908894554294388,0.7645817892304783,1.2590133247190505
Dejan Lovren,0.7500000000000002,0,13.0,Liverpool,988.0,English Premier League,0.09109311740890688,0.09109311740890688,0.08291277932644132,0.5465587044534413,0.08291277932644132,0.3025602943712642,0.31379840400839143
Dele Alli,0.46,1,25.0,Tottenham,1847.0,English Premier League,0.24363833243096916,0.24363833243096916,0.28995120301883026,1.9003789929615595,0.28995120301883026,0.26999770068176776,0.6312786573549187
Denis Cheryshev,1.0300000000000002,5,27.0,Valencia,1715.0,La Liga,0.10495626822157436,0.10495626822157436,0.20981962820270664,1.6793002915451896,0.20981962820270664,0.14378584628115587,0.6556525855778605
Diego Costa,1.77,3,16.0,Atletico Madrid,1120.0,La Liga,0.1607142857142857,0.1607142857142857,0.17737401591148225,1.2857142857142856,0.17737401591148225,0.09725757931093022,0.2777464982853936
Diego Godín,0.34,0,30.0,Atletico Madrid,2507.0,La Liga,0.10769844435580374,0.10769844435580374,0.11566906241684452,0.5025927403270841,0.11566906241684452,0.22497192467256372,0.2452938880297379
Diego Laxalt,0.03,0,20.0,AC Milan,634.0,Serie A,0.0,0.0,0.24034113044430405,0.8517350157728707,0.24034113044430405,0.28400266845637123,0.6033705012749422
Douglas Costa,0.18,0,17.0,Juventus,615.0,Serie A,0.14634146341463414,0.14634146341463414,0.11319443356336616,2.9268292682926838,0.11319443356336616,0.33280185446506605,0.5780600794568295
Dries Mertens,0.33,1,35.0,Napoli,2245.0,Serie A,0.6414253897550112,0.6013363028953229,0.4656142470134394,3.5679287305122496,0.4961340212509998,0.3223207731936583,0.9833785763761248
Eden Hazard,1.3600000000000003,3,37.0,Chelsea,2935.0,English Premier League,0.4906303236797274,0.3679727427597956,0.2837784509261788,2.8517887563884163,0.3771415778405622,0.35406859474830976,0.7766894488206713
Edinson Cavani,1.4600000000000004,3,21.0,Paris Saint Germain,1677.0,Ligue 1,0.9660107334525938,0.7513416815742396,0.6249477362430159,2.7906976744186047,0.8289088607367548,0.2086216114021584,0.957516742093832
Emil Forsberg,0.7900000000000003,1,20.0,RasenBallsport Leipzig,1255.0,Bundesliga,0.2868525896414343,0.07171314741035857,0.16877620178924138,2.151394422310757,0.3318038580872386,0.3439430319722667,0.7567765602463508
Emil Hallfredsson,0.04,0,9.0,"Frosinone,Udinese",525.0,Serie A,0.17142857142857146,0.17142857142857146,0.0056597394602639324,0.3428571428571429,0.0056597394602639324,0.04912726607705866,0.06578003982348103
Eric Dier,0.51,1,20.0,Tottenham,1519.0,English Premier League,0.17774851876234365,0.17774851876234365,0.08399267892467888,0.5332455562870311,0.08399267892467888,0.287435552261039,0.3145653000831055
Fabian Delph,0.1,0,11.0,Manchester City,723.0,English Premier League,0.0,0.0,0.008690077231818215,0.4979253112033195,0.008690077231818215,0.6008637548111285,0.6101689194000607
Fabian Schär,0.13,0,24.0,Newcastle United,2007.0,English Premier League,0.17937219730941706,0.17937219730941706,0.09710043359698202,1.1210762331838566,0.09710043359698202,0.20883440407569365,0.2534300250506589
Falcao,0.9000000000000001,2,33.0,Monaco,2570.0,Ligue 1,0.5252918287937743,0.42023346303501946,0.4204518441944328,3.29182879377432,0.5269243175105883,0.1298153849304128,0.514509251395581
Fedor Smolov,0.38,1,24.0,"FC Krasnodar,Lokomotiv Moscow",1675.0,Russian Premier League,0.37611940298507457,0.37611940298507457,0.3420608461737188,2.9014925373134335,0.3825890724283101,0.14603153781881975,0.592560700204835
Fernandinho,0.19,0,29.0,Manchester City,2397.0,English Premier League,0.03754693366708385,0.03754693366708385,0.06450585056986842,1.1264080100125156,0.06450585056986842,0.6602205613276015,0.725726832814039
Filip Kostic,0.62,0,34.0,Eintracht Frankfurt,2965.0,Bundesliga,0.18212478920741987,0.18212478920741987,0.13075836067846516,1.8516020236087691,0.13075836067846516,0.163107479927185,0.4891880373352697
Filipe Luis,0.03,0,27.0,Atletico Madrid,2043.0,La Liga,0.0881057268722467,0.0881057268722467,0.03770773713415415,0.4405286343612335,0.03770773713415415,0.2110945564665984,0.2344834993261073
Gabriel Jesus,1.4500000000000002,0,29.0,Manchester City,993.0,English Premier League,0.6344410876132931,0.5438066465256798,1.074951256870143,3.897280966767372,1.1439393690345512,0.4523466030006323,1.5038451104455846
Gaku Shibasaki,0.06,0,7.0,Getafe,394.0,La Liga,0.0,0.0,0.032179214859258405,1.370558375634518,0.032179214859258405,0.01782358652406235,0.06407061069352826
Gen Shoji,0.04,0,18.0,Toulouse,1620.0,Ligue 1,0.0,0.0,0.0015386061277240515,0.1111111111111111,0.0015386061277240515,0.1359038750330607,0.15809702035039666
Genki Haraguchi,0.15,1,28.0,Hannover 96,2128.0,Bundesliga,0.0,0.0,0.09924687951964263,1.3533834586466165,0.09924687951964263,0.1332965458890325,0.32187415566995625
Gerard Piqué,1.31,1,35.0,Barcelona,3150.0,La Liga,0.11428571428571427,0.11428571428571427,0.11792391602482115,0.5142857142857142,0.11792391602482115,0.3906010113656522,0.4181104529116835
Giménez,0.45,1,21.0,Atletico Madrid,1775.0,La Liga,0.0,0.0,0.0654830846358353,0.7605633802816899,0.0654830846358353,0.18068888849565684,0.20351971411998845
Gonzalo Higuaín,0.22,0,14.0,Chelsea,1100.0,English Premier League,0.40909090909090906,0.40909090909090906,0.44011905227195136,3.763636363636364,0.44011905227195136,0.1523155265572396,0.6935314186594703
Gonzalo Higuaín,0.22,0,15.0,AC Milan,1282.0,Serie A,0.421216848673947,0.421216848673947,0.4394496320608811,3.8611544461778466,0.4928949468023784,0.23345266631550146,0.7644409618330263
Gonçalo Guedes,0.41,0,25.0,Valencia,1472.0,La Liga,0.30570652173913043,0.30570652173913043,0.12274040472972128,2.139945652173913,0.12274040472972128,0.2423536228572788,0.44237825290031696
Granit Xhaka,0.15000000000000002,1,29.0,Arsenal,2511.0,English Premier League,0.14336917562724014,0.14336917562724014,0.0674244047453006,1.0394265232974909,0.0674244047453006,0.4509219113323423,0.5463696603653251
Grzegorz Krychowiak,0.21,1,27.0,Lokomotiv Moscow,2406.0,Russian Premier League,0.07481296758104737,0.07481296758104737,0.15394182953556207,1.795511221945137,0.15394182953556207,0.245302152864059,0.31612168635216137
Gylfi Sigurdsson,0.6100000000000001,1,38.0,Everton,3150.0,English Premier League,0.37142857142857133,0.3142857142857143,0.23750422990747866,2.4571428571428573,0.3462383770516941,0.14727540684065646,0.4476304063307388
Harry Kane,2.0,7,28.0,Tottenham,2437.0,English Premier League,0.6278210915059499,0.480098481739844,0.4829700562795705,3.7669265490357,0.5954105463712049,0.1787873551518544,0.6957081444125819
Harry Maguire,1.17,1,31.0,Leicester,2599.0,English Premier League,0.10388611004232397,0.10388611004232397,0.06442808004317603,1.0388611004232398,0.06442808004317603,0.1898366192921211,0.2092237406700173
Hiroki Sakai,0.12,0,27.0,Marseille,2372.0,Ligue 1,0.03794266441821248,0.03794266441821248,0.010029044179764105,0.22765598650927485,0.010029044179764105,0.2871889156378919,0.3308215750221157
Hördur Bjorgvin Magnusson,0.21,0,23.0,CSKA Moscow,1814.0,Russian Premier League,0.09922822491730983,0.09922822491730983,0.1025430339541545,1.0418963616317531,0.1025430339541545,0.3938040124147703,0.4583125062032204
Iago Aspas,0.7299999999999999,1,27.0,Celta Vigo,2268.0,La Liga,0.7936507936507936,0.5952380952380952,0.3473772829960263,2.7777777777777777,0.4948530006148512,0.232723551684074,0.7370585472219521
Idrissa Gueye,0.06,0,33.0,Everton,2828.0,English Premier League,0.0,0.0,0.01892210055824996,0.6046676096181047,0.01892210055824996,0.3281230776197944,0.3597976122765447
Ilkay Gündogan,0.03,0,31.0,Manchester City,2133.0,English Premier League,0.2531645569620253,0.2531645569620253,0.1778057291475027,1.8143459915611813,0.1778057291475027,0.6645429146943715,0.8044536770144596
Ilya Kutepov,0.43,0,9.0,Spartak Moscow,810.0,Russian Premier League,0.0,0.0,0.04751323287685712,0.33333333333333337,0.04751323287685712,0.43160273879766464,0.43160273879766464
Isco,0.8600000000000001,1,27.0,Real Madrid,1186.0,La Liga,0.22765598650927485,0.22765598650927485,0.4025004026409346,1.897133220910624,0.4025004026409346,0.3820900721506893,0.8577576006996692
Ismaila Sarr,0.25,0,35.0,Rennes,2809.0,Ligue 1,0.25631897472410115,0.2242791028835885,0.1662350086320885,1.7301530793876825,0.19058199325525368,0.1778421295696028,0.5003903640965288
Ivan Perisic,2.0000000000000004,3,34.0,Inter,2714.0,Serie A,0.26529108327192336,0.19896831245394253,0.2949309231838323,3.282977155490052,0.34542104730337264,0.2496674008167835,0.6688647877284948
Ivan Rakitic,0.9700000000000002,3,34.0,Barcelona,2641.0,La Liga,0.10223400227186673,0.10223400227186673,0.09161870205822158,1.226808027262401,0.09161870205822158,0.6159564203856706,0.7205493452534537
Ja-Cheol Koo,0.06,0,26.0,Augsburg,1632.0,Bundesliga,0.11029411764705882,0.11029411764705882,0.19504398097256748,1.4338235294117645,0.19504398097256748,0.16295757439151845,0.38778149741975704
James Rodríguez,0.16,0,20.0,Bayern Munich,1149.0,Bundesliga,0.5483028720626633,0.5483028720626633,0.433176622553376,2.8198433420365534,0.433176622553376,0.6522647298716845,1.2556834079266843
Jamie Vardy,0.32,0,34.0,Leicester,2740.0,English Premier League,0.5912408759124088,0.4598540145985402,0.5028875255617348,2.594890510948905,0.6278970108306321,0.06259576245516972,0.6826389102523559
Jan Bednarek,0.13,1,25.0,Southampton,2150.0,English Premier League,0.0,0.0,0.03529521891370762,0.20930232558139533,0.03529521891370762,0.15267005804926154,0.1740851001207565
Jan Vertonghen,0.11,1,22.0,Tottenham,1925.0,English Premier League,0.04675324675324676,0.04675324675324676,0.04721969326401685,0.7012987012987013,0.04721969326401685,0.3565763066341351,0.369351026183599
Jefferson Farfán,0.33,0,20.0,Lokomotiv Moscow,1509.0,Russian Premier League,0.4771371769383698,0.4771371769383698,0.4106993482227827,2.9224652087475147,0.4106993482227827,0.12870914634191252,0.4224326658927304
Jefferson Lerma,0.09,0,30.0,Bournemouth,2527.0,English Premier League,0.07123070834982193,0.07123070834982193,0.03867161561940256,1.1040759794222397,0.03867161561940256,0.24330795732620544,0.2781609046672072
Jens Stryger Larsen,0.1,0,36.0,Udinese,3240.0,Serie A,0.027777777777777776,0.027777777777777776,0.05355518492352632,0.4444444444444444,0.05355518492352632,0.19715021568764413,0.2886977224455526
Jesse Lingard,0.9000000000000001,1,27.0,Manchester United,1677.0,English Premier League,0.2146690518783542,0.16100178890876565,0.21912297040677245,1.7173524150268336,0.2599728217744976,0.2798518586457309,0.5796218554411009
Johan Mojica,0.04,0,1.0,Girona,14.0,La Liga,0.0,0.0,0.0,0.0,0.0,0.0,0.0
Johann Berg Gudmundsson,0.09,0,29.0,Burnley,1732.0,English Premier League,0.1558891454965358,0.1558891454965358,0.13580324277754952,1.7147806004618935,0.13580324277754952,0.16080914805137808,0.3751077710523961
John Guidetti,0.06,0,22.0,Alaves,612.0,La Liga,0.29411764705882354,0.29411764705882354,0.2352289296686649,1.4705882352941178,0.2352289296686649,0.12206871336435572,0.4558244961149553
John Stones,0.94,2,24.0,Manchester City,1763.0,English Premier League,0.0,0.0,0.008106013375397306,0.25524673851389673,0.008106013375397306,0.5227614245818577,0.527425786058756
Jordan Henderson,0.3500000000000001,0,32.0,Liverpool,1979.0,English Premier League,0.04547751389590703,0.04547751389590703,0.06881492652898788,0.7276402223345124,0.06881492652898788,0.5266045239961558,0.6603495574764768
Jordi Alba,0.16,0,36.0,Barcelona,2985.0,La Liga,0.06030150753768845,0.06030150753768845,0.06782761289171839,0.4221105527638191,0.06782761289171839,0.475736407778371,0.6660697498363466
Joshua Kimmich,0.22,0,34.0,Bayern Munich,3060.0,Bundesliga,0.05882352941176471,0.05882352941176471,0.06788437254726885,0.7352941176470589,0.06788437254726885,0.5903182766016789,0.8102472547222588
Josip Drmic,0.3200000000000001,1,5.0,Borussia M.Gladbach,217.0,Bundesliga,0.8294930875576036,0.8294930875576036,0.580514682637107,2.9032258064516134,0.580514682637107,0.35827917162723805,0.9455321040777018
José Fonte,0.41,0,36.0,Lille,3110.0,Ligue 1,0.08681672025723472,0.08681672025723472,0.11361375272010492,0.9839228295819936,0.11361375272010492,0.33096637260588035,0.35674439564682664
Juan Cuadrado,0.46,2,18.0,Juventus,1218.0,Serie A,0.07389162561576354,0.07389162561576354,0.13129211370397376,1.2561576354679804,0.13129211370397376,0.2531355116608107,0.4903259078783942
Julian Brandt,0.15,0,33.0,Bayer Leverkusen,2684.0,Bundesliga,0.2347242921013413,0.2347242921013413,0.2766496533161548,2.179582712369597,0.2766496533161548,0.433901268721665,0.8778863330267582
Julian Draxler,0.44,0,31.0,Paris Saint Germain,2047.0,Ligue 1,0.13190034196384953,0.13190034196384953,0.1851586343444844,1.362970200293112,0.1851586343444844,0.580836907238438,0.8366443093048983
Jérôme Boateng,0.09,0,20.0,Bayern Munich,1695.0,Bundesliga,0.0,0.0,0.03135758359809365,0.7433628318584071,0.03135758359809365,0.5654614924461442,0.5694881124438438
Kamil Glik,0.13,0,33.0,Monaco,2970.0,Ligue 1,0.030303030303030307,0.030303030303030307,0.03935123709115115,0.4848484848484849,0.03935123709115115,0.1429360494243376,0.1433500127133095
Keita,0.06,0,24.0,Inter,869.0,Serie A,0.5178365937859609,0.5178365937859609,0.4504376206808522,3.1070195627157653,0.4504376206808522,0.249756902576316,0.8328939296982505
Kelechi Iheanacho,0.12,0,30.0,Leicester,911.0,English Premier League,0.09879253567508232,0.09879253567508232,0.25487026371446186,1.7782656421514818,0.25487026371446186,0.19658461714042788,0.522600760934905
Kenneth Omeruo,0.13,0,28.0,Leganes,2440.0,La Liga,0.0,0.0,0.0029782129711181412,0.11065573770491803,0.0029782129711181412,0.05695872208042468,0.05733575142126102
Kevin De Bruyne,0.52,1,19.0,Manchester City,965.0,English Premier League,0.1865284974093264,0.1865284974093264,0.13749399183829525,2.89119170984456,0.13749399183829525,0.7910514800891358,1.1380288907437746
Ki Sung-yueng,0.23,0,18.0,Newcastle United,1302.0,English Premier League,0.0,0.0,0.010519370303622313,0.5529953917050692,0.010519370303622313,0.21186546444000187,0.2223237744459565
Kieran Trippier,0.22,2,27.0,Tottenham,2278.0,English Premier League,0.03950834064969271,0.03950834064969271,0.018251288242317587,0.3160667251975417,0.018251288242317587,0.34422322735680994,0.4174458208028636
Koke,0.17,0,30.0,Atletico Madrid,2586.0,La Liga,0.10440835266821344,0.10440835266821344,0.052099181555228816,0.7308584686774942,0.052099181555228816,0.4000312656276533,0.5040383448915042
Koke,0.17,0,1.0,Levante,90.0,La Liga,0.0,0.0,0.0,0.0,0.0,0.0,0.0
Kylian Mbappe-Lottin,0.93,4,29.0,Paris Saint Germain,2334.0,Ligue 1,1.2724935732647815,1.2339331619537277,1.0926175229538682,4.820051413881749,1.1512366892975832,0.3217342948651176,1.4912389983018446
Leon Goretzka,0.26,0,30.0,Bayern Munich,2008.0,Bundesliga,0.35856573705179284,0.35856573705179284,0.3187690111270464,2.4651394422310755,0.3187690111270464,0.6042657759359692,0.9319792890854448
Lionel Messi,1.2300000000000002,1,34.0,Barcelona,2704.0,La Liga,1.198224852071006,1.0650887573964496,0.7415982983598607,5.65828402366864,0.8652903906416873,0.35609907923905537,1.2800994717113718
Lucas Biglia,0.11,0,16.0,AC Milan,1112.0,Serie A,0.08093525179856116,0.08093525179856116,0.01944195164246953,0.5665467625899281,0.01944195164246953,0.4485421987893663,0.4797801477901584
Lucas Hernández,0.24,0,14.0,Atletico Madrid,1119.0,La Liga,0.08042895442359249,0.08042895442359249,0.057386680888186825,0.4021447721179625,0.057386680888186825,0.17829563181557698,0.2327552659751663
Lucas Torreira,0.06,0,34.0,Arsenal,2366.0,English Premier League,0.0760777683854607,0.0760777683854607,0.0685211298995142,0.9509721048182588,0.0685211298995142,0.34305520143142626,0.42454116079493387
Ludwig Augustinsson,0.17,1,34.0,Werder Bremen,3032.0,Bundesliga,0.029683377308707126,0.029683377308707126,0.04808113731488114,0.6233509234828496,0.04808113731488114,0.2942258000341895,0.3370474260804148
Luis Advíncula,0.13,0,28.0,Rayo Vallecano,2394.0,La Liga,0.03759398496240601,0.03759398496240601,0.03749308001278038,0.6390977443609023,0.03749308001278038,0.18281267287167616,0.25811928944116025
Luis Muriel,0.19,1,6.0,Sevilla,110.0,La Liga,0.8181818181818181,0.8181818181818181,0.2446462959051132,3.2727272727272725,0.2446462959051132,0.4815236709334634,0.8330334319987079
Luis Muriel,0.19,1,19.0,Fiorentina,1443.0,Serie A,0.37422037422037424,0.37422037422037424,0.2266020828126126,2.869022869022869,0.2266020828126126,0.08689241201119215,0.3333443401695041
Luis Suárez,0.8500000000000001,2,33.0,Barcelona,2832.0,La Liga,0.6673728813559322,0.5402542372881356,0.6807665279435025,3.5593220338983054,0.7752469067177656,0.3933715750265993,1.1697544554501016
Luka Modric,0.8900000000000001,4,34.0,Real Madrid,2628.0,La Liga,0.10273972602739724,0.10273972602739724,0.10072067622350504,1.2671232876712328,0.10072067622350504,0.3877156399420067,0.52373697521956
Lukasz Piszczek,0.06,0,20.0,Borussia Dortmund,1764.0,Bundesliga,0.051020408163265314,0.051020408163265314,0.02632269502750465,0.6122448979591837,0.02632269502750465,0.4124762057991964,0.5052421981354758
Lukasz Teodorczyk,0.13,0,16.0,Udinese,380.0,Serie A,0.2368421052631579,0.2368421052631579,0.4616903833750832,3.0789473684210527,0.64199800225661,0.08342474743135665,0.30966332652851153
M'Baye Niang,0.8300000000000001,1,29.0,Rennes,1799.0,Ligue 1,0.5503057254030017,0.4502501389660922,0.3603524053774737,3.251806559199555,0.436404170540926,0.05233564416672401,0.3972311773590573
Makoto Hasebe,0.03,0,28.0,Eintracht Frankfurt,2520.0,Bundesliga,0.0,0.0,0.0022193615524364373,0.07142857142857142,0.0022193615524364373,0.1641908007607396,0.18901648758245368
Manuel Akanji,0.26,0,25.0,Borussia Dortmund,2206.0,Bundesliga,0.04079782411604714,0.04079782411604714,0.01535594206664742,0.3263825929283771,0.01535594206664742,0.42053663831268345,0.4428502184052631
Manuel Fernandes,0.07,0,20.0,Lokomotiv Moscow,1551.0,Russian Premier League,0.23210831721470015,0.17408123791102514,0.14004786907761888,2.9593810444874267,0.2275845739176241,0.08450505892949707,0.2978161512738963
Marcelo,0.12,0,23.0,Real Madrid,1854.0,La Liga,0.09708737864077667,0.09708737864077667,0.0932508547907894,1.699029126213592,0.0932508547907894,0.42426427627362095,0.5563809223545408
Marcelo,0.12,0,33.0,Lyon,2882.0,Ligue 1,0.0,0.0,0.04975814140924639,0.7807078417765441,0.04975814140924639,0.3025974894600411,0.3179729269012179
Marcelo Brozovic,0.29000000000000004,1,32.0,Inter,2662.0,Serie A,0.067618332081142,0.067618332081142,0.026494833727519058,0.8452291510142749,0.026494833727519058,0.4772477164713402,0.5328495245759959
Marco Asensio,0.22,0,30.0,Real Madrid,1782.0,La Liga,0.05050505050505051,0.05050505050505051,0.2018690908873322,2.2727272727272725,0.2018690908873322,0.2491823675092122,0.6214799361322262
Marco Reus,0.37,1,27.0,Borussia Dortmund,2335.0,Bundesliga,0.6552462526766596,0.5396145610278372,0.5537279865423286,2.6595289079229123,0.6413509815739871,0.35489517639787976,0.9759693701913066
Marcos Rojo,0.17,1,5.0,Manchester United,208.0,English Premier League,0.0,0.0,0.10184373420018417,2.5961538461538463,0.10184373420018417,0.3065067658630701,0.3208419673431378
Marcus Rashford,0.34,1,33.0,Manchester United,2360.0,English Premier League,0.3813559322033898,0.3813559322033898,0.4429241196899597,3.2033898305084745,0.4429241196899597,0.19995226956690834,0.6415217077710776
Mario Fernandes,0.26,1,28.0,CSKA Moscow,2454.0,Russian Premier League,0.03667481662591687,0.03667481662591687,0.057448427623233475,0.7701711491442542,0.057448427623233475,0.3798441214527944,0.4948721077830546
Mario Gomez,1.38,0,31.0,VfB Stuttgart,2215.0,Bundesliga,0.28442437923250563,0.28442437923250563,0.39343358454784333,2.112866817155756,0.39343358454784333,0.062259029803070215,0.5238024996715528
Mario Mandzukic,1.31,3,25.0,Juventus,2028.0,Serie A,0.3994082840236686,0.3994082840236686,0.29663890509276525,1.4201183431952664,0.29663890509276525,0.16322297785298887,0.5056634096472837
Marko Pjaca,0.03,0,19.0,Fiorentina,737.0,Serie A,0.12211668928086836,0.12211668928086836,0.19411521540446716,2.320217096336499,0.19411521540446716,0.12942078695196552,0.3946196463646485
Marouane Fellaini,0.41,1,14.0,Manchester United,728.0,English Premier League,0.0,0.0,0.09072876734925167,0.8653846153846154,0.09072876734925167,0.15831796923181513,0.24668151456453316
Martin Braithwaite,0.23,0,19.0,Leganes,1414.0,La Liga,0.2545968882602546,0.2545968882602546,0.3421248405212813,1.845827439886846,0.3421248405212813,0.03996008293126226,0.4217166335307472
Martín Cáceres,1.07,0,13.0,"Juventus,Lazio",930.0,Serie A,0.0,0.0,0.048749562082511765,0.6774193548387097,0.048749562082511765,0.18727209370943804,0.1983900735935857
Marvin Plattenhardt,0.03,0,22.0,Hertha Berlin,1928.0,Bundesliga,0.0466804979253112,0.0466804979253112,0.03278577625867428,0.5134854771784232,0.03278577625867428,0.17519039629873553,0.2502879766405356
Mateo Kovacic,0.38,0,32.0,Chelsea,1756.0,English Premier League,0.0,0.0,0.10340989199265467,1.4350797266514808,0.10340989199265467,0.3076784184482585,0.4488113517756309
Mathew Leckie,0.96,0,18.0,Hertha Berlin,941.0,Bundesliga,0.19128586609989373,0.19128586609989373,0.2270816803952396,2.104144527098831,0.2270816803952396,0.16578845851970528,0.4627728198954834
Mats Hummels,1.03,0,21.0,Bayern Munich,1778.0,Bundesliga,0.05061867266591676,0.05061867266591676,0.1370534870021372,0.9617547806524184,0.1370534870021372,0.6646402577447409,0.6897700143007915
Matías Vecino,0.27,0,30.0,Inter,2027.0,Serie A,0.1332017760236803,0.1332017760236803,0.28046452480753803,1.9536260483473111,0.28046452480753803,0.22598729572719725,0.5126044423042345
Maya Yoshida,0.26,0,17.0,Southampton,1520.0,English Premier League,0.0,0.0,0.10823878492718857,0.8289473684210525,0.10823878492718857,0.17519915241159892,0.17865166450409511
Mesut Özil,0.09,0,24.0,Arsenal,1751.0,English Premier League,0.2569960022844089,0.2569960022844089,0.11441573785721132,0.5653912050256996,0.11441573785721132,0.41432033127534396,0.6159102087622367
Michael Lang,0.06,0,17.0,Borussia M.Gladbach,1269.0,Bundesliga,0.07092198581560284,0.07092198581560284,0.16517044249789933,0.7801418439716312,0.16517044249789933,0.23954772159245846,0.3596670797477801
Michy Batshuayi,1.13,1,15.0,Valencia,502.0,La Liga,0.17928286852589642,0.17928286852589642,0.24898112436155398,3.0478087649402386,0.24898112436155398,0.05329140235643938,0.3641788818802966
Michy Batshuayi,1.13,1,11.0,Crystal Palace,766.0,English Premier League,0.5874673629242819,0.5874673629242819,0.4347018016059701,3.1723237597911234,0.4347018016059701,0.18160157068571756,0.6078552428934499
Milan Badelj,0.29000000000000004,1,23.0,Lazio,1136.0,Serie A,0.07922535211267606,0.07922535211267606,0.04898893163198421,1.1091549295774648,0.04898893163198421,0.4021126841699939,0.4253926121426457
Mohamed Salah,0.51,2,38.0,Liverpool,3274.0,English Premier League,0.6047648136835675,0.5222968845448992,0.5362873931148556,3.766035430665852,0.5990594125107596,0.21622940582190808,0.8736184654016647
Moussa Wagué,0.06,1,3.0,Barcelona,223.0,La Liga,0.0,0.0,0.03745673616905384,0.4035874439461883,0.03745673616905384,0.29495366535780143,0.3850651834778188
N'Golo Kanté,0.03,0,36.0,Chelsea,3103.0,English Premier League,0.11601675797615213,0.11601675797615213,0.08799082264328173,0.8411214953271028,0.08799082264328173,0.3621165731083211,0.4943757556328418
Nabil Fekir,0.15,0,29.0,Lyon,1986.0,Ligue 1,0.4078549848942599,0.22658610271903326,0.25146645544451346,4.123867069486405,0.4581358711716362,0.4222059402941218,0.7049012623637283
Nacer Chadli,0.29000000000000004,1,16.0,Monaco,690.0,Ligue 1,0.0,0.0,0.01450494320496269,0.2608695652173913,0.01450494320496269,0.1298825039892741,0.13942274536289598
Nacho,0.03,1,35.0,Real Valladolid,3150.0,La Liga,0.028571428571428567,0.028571428571428567,0.01657540611922741,0.4857142857142858,0.01657540611922741,0.2293454278792653,0.3079847099525588
Nacho,0.03,1,20.0,Real Madrid,1704.0,La Liga,0.0,0.0,0.016554246171259546,0.2640845070422535,0.016554246171259546,0.3874843947681218,0.3957918863153269
Nemanja Matic,0.24,0,28.0,Manchester United,2450.0,English Premier League,0.036734693877551024,0.036734693877551024,0.06284289890710187,0.4408163265306122,0.06284289890710187,0.4130424759293697,0.4330176688198533
Neymar,2.85,2,17.0,Paris Saint Germain,1443.0,Ligue 1,0.9355509355509356,0.6237006237006237,0.5049114808316291,3.4303534303534304,0.7419391723036023,0.41272858324269,1.1329646292384599
Nicolás Otamendi,0.6900000000000001,0,18.0,Manchester City,1233.0,English Premier League,0.0,0.0,0.08578256642731437,1.094890510948905,0.08578256642731437,0.5805491744438662,0.5935841185605004
Olivier Giroud,1.02,0,27.0,Chelsea,808.0,English Premier League,0.2227722772277228,0.2227722772277228,0.5637109919340526,3.5643564356435644,0.5637109919340526,0.3099188606005789,0.8589168949891804
Ousmane Dembélé,0.19,0,29.0,Barcelona,1673.0,La Liga,0.4303646144650328,0.4303646144650328,0.23042982263246725,2.098027495517035,0.23042982263246725,0.210198968397292,0.6013795423716111
Paul Pogba,0.3300000000000001,1,35.0,Manchester United,3013.0,English Premier League,0.3883172917358115,0.1792233654165284,0.24690561676246456,3.136408894789247,0.4742710174540775,0.3463049025243594,0.6310431664909115
Paulo Dybala,0.06,0,30.0,Juventus,2135.0,Serie A,0.2107728337236534,0.1686182669789227,0.1796712606395017,2.7400468384074945,0.2117634822616672,0.2391394232890505,0.46875523287253296
Philippe Coutinho,1.2700000000000002,2,34.0,Barcelona,2026.0,La Liga,0.22211253701875616,0.22211253701875616,0.34844138847088474,3.065153010858835,0.34844138847088474,0.5244906042745706,0.9337168214392187
Pione Sisto,0.32,0,25.0,Celta Vigo,814.0,La Liga,0.22113022113022116,0.22113022113022116,0.10720900806806596,1.99017199017199,0.10720900806806596,0.2740620781555406,0.3840337083755057
Piotr Zielinski,0.12,0,36.0,Napoli,2895.0,Serie A,0.1865284974093264,0.1865284974093264,0.17645158664048335,2.4870466321243523,0.17645158664048335,0.3601478300216593,0.6078367984125033
Raheem Sterling,1.2700000000000002,0,34.0,Manchester City,2788.0,English Premier League,0.5487804878048781,0.5487804878048781,0.5135179779771581,2.4856527977044482,0.5135179779771581,0.4077934009160638,1.065987970792238
Raphael Guerreiro,0.12,0,23.0,Borussia Dortmund,1539.0,Bundesliga,0.11695906432748535,0.11695906432748535,0.1684639111095876,2.046783625730994,0.1684639111095876,0.6169697789377289,0.8420235620081773
Raphael Varane,0.4900000000000001,1,32.0,Real Madrid,2761.0,La Liga,0.06519377037305324,0.06519377037305324,0.046607752002395184,0.6193408185440058,0.046607752002395184,0.19826018485911556,0.19852493375226749
Raúl Jiménez,0.06,0,38.0,Wolverhampton Wanderers,3143.0,English Premier League,0.3722558065542475,0.3149856824689787,0.365133048451529,3.178491886732421,0.4087252800942245,0.12421772518081722,0.5989864699167978
Ricardo Rodríguez,0.18,0,35.0,AC Milan,3056.0,Serie A,0.0,0.0,0.01348471638066353,0.7951570680628273,0.01348471638066353,0.3744695343367306,0.39344748776498695
Robert Lewandowski,1.0,0,33.0,Bayern Munich,2959.0,Bundesliga,0.6691449814126393,0.577897938492734,0.9158859961049588,4.379858060155458,1.0080742793319477,0.27194326528514523,1.2751253953895365
Roberto Firmino,1.17,1,34.0,Liverpool,2631.0,English Premier League,0.4104903078677309,0.3762827822120867,0.44389467204293337,2.5655644241733184,0.4699323745816096,0.3129892280599275,0.8328040739353597
Rodrigo,0.25,0,33.0,Valencia,2538.0,La Liga,0.28368794326241137,0.28368794326241137,0.4948420480474936,2.8723404255319145,0.5211994121947611,0.28564204640210944,0.8764547286621224
Rodrigo Bentancur,0.22,0,31.0,Juventus,1983.0,Serie A,0.09077155824508322,0.09077155824508322,0.08158742722106954,0.907715582450832,0.08158742722106954,0.2850925465327168,0.4143170198022688
Romain Saiss,0.13,0,19.0,Wolverhampton Wanderers,1133.0,English Premier League,0.1588702559576346,0.1588702559576346,0.10241147104423863,0.8737864077669902,0.10241147104423863,0.23304184969425834,0.30665184963011205
Roman Zobnin,0.3400000000000001,0,26.0,Spartak Moscow,2262.0,Russian Premier League,0.03978779840848806,0.03978779840848806,0.0915889222970336,1.4323607427055702,0.0915889222970336,0.11080904599447147,0.2086295636089157
Romelu Lukaku,1.48,4,32.0,Manchester United,2113.0,English Premier League,0.5111216280170374,0.5111216280170374,0.5581950080716321,2.3426407950780876,0.5581950080716321,0.2311123760573132,0.6570342665126525
Ruben Loftus-Cheek,0.29000000000000004,0,24.0,Chelsea,969.0,English Premier League,0.5572755417956656,0.5572755417956656,0.30095053294633195,2.6006191950464395,0.30095053294633195,0.5374202658725044,0.7692834231483494
Rui Patrício,0.13,0,37.0,Wolverhampton Wanderers,3330.0,English Premier League,0.0,0.0,0.0,0.0,0.0,0.031970153940287786,0.031970153940287786
Sadio Mané,0.5900000000000001,1,36.0,Liverpool,3100.0,English Premier League,0.6387096774193549,0.6387096774193549,0.4866621701948105,2.5258064516129037,0.4866621701948105,0.24634096898859545,0.8245552168858629
Saif-Eddine Khaoui,0.11,0,25.0,Caen,1371.0,Ligue 1,0.19693654266958424,0.19693654266958424,0.10680367823698328,1.7067833698030634,0.10680367823698328,0.024129198150835626,0.13741912283573945
Salif Sané,0.24,0,30.0,Schalke 04,2612.0,Bundesliga,0.06891271056661563,0.06891271056661563,0.032522924173805874,0.6546707503828484,0.032522924173805874,0.1720997498151069,0.17652261184648274
Saman Ghoddos,0.06,0,27.0,Amiens,1845.0,Ligue 1,0.1951219512195122,0.1951219512195122,0.13801996500753774,2.0975609756097557,0.13801996500753774,0.19346540693829695,0.3239473382056487
Sami Khedira,0.22,0,10.0,Juventus,722.0,Serie A,0.24930747922437674,0.24930747922437674,0.33659694530585804,2.1191135734072017,0.33659694530585804,0.24293140077401065,0.5523529185441393
Santiago Arias,0.03,0,25.0,Atletico Madrid,1771.0,La Liga,0.050818746470920384,0.050818746470920384,0.0245707946340961,0.4573687182382834,0.0245707946340961,0.09186255684062493,0.17051333895995416
Sardar Azmoun,0.51,0,26.0,"Rubin Kazan,Zenit St. Petersburg",2178.0,Russian Premier League,0.5371900826446281,0.4958677685950413,0.6162054842907535,3.471074380165289,0.6473738860246564,0.12660742656535598,0.6480804058022736
Sebastian Rudy,0.03,0,21.0,Schalke 04,1358.0,Bundesliga,0.0,0.0,0.013508784608018416,0.3313696612665685,0.013508784608018416,0.12011867124910998,0.17514386206086235
Sergej Milinkovic-Savic,0.28,0,31.0,Lazio,2416.0,Serie A,0.18625827814569534,0.18625827814569534,0.22554906107876946,2.831125827814569,0.22554906107876946,0.3164828774004261,0.5883942401678061
Sergio Agüero,0.5,2,33.0,Manchester City,2515.0,English Premier League,0.7514910536779325,0.679920477137177,0.6594086685634514,4.222664015904574,0.7138859576454929,0.28989656148089565,1.0270456473230132
Sergio Ramos,0.47,1,28.0,Real Madrid,2478.0,La Liga,0.2179176755447942,0.03631961259079903,0.12231493754352987,1.12590799031477,0.257283422541207,0.3129848795458133,0.3602944395660488
Shinji Kagawa,0.29000000000000004,1,2.0,Borussia Dortmund,99.0,Bundesliga,0.0,0.0,0.42544229464097455,3.6363636363636367,0.42544229464097455,0.3645224191925743,0.7899647138335488
Shinji Okazaki,0.13,0,21.0,Leicester,249.0,English Premier League,0.0,0.0,0.10133024462195764,1.8072289156626504,0.10133024462195764,0.3859515215483416,0.4674889722906322
Sime Vrsaljko,0.23,0,10.0,Inter,725.0,Serie A,0.0,0.0,0.0031565012602970525,0.2482758620689655,0.0031565012602970525,0.2893501539939436,0.3232200209436745
Simon Kjaer,0.13,1,26.0,Sevilla,2024.0,La Liga,0.0,0.0,0.03882811211966155,0.5780632411067194,0.03882811211966155,0.14307723127548466,0.16036613444933898
Son Heung-Min,0.67,2,31.0,Tottenham,2061.0,English Premier League,0.5240174672489083,0.5240174672489083,0.3651993289817629,3.2314410480349345,0.3651993289817629,0.2631783657849616,0.7074596108177343
Stephan Lichtsteiner,0.14,0,14.0,Arsenal,953.0,English Premier League,0.0,0.0,0.001738699776553407,0.0944386149003148,0.001738699776553407,0.150244265505487,0.1568225350969736
Steven Zuber,0.6100000000000001,1,22.0,"Hoffenheim,VfB Stuttgart",1641.0,Bundesliga,0.2742230347349177,0.2193784277879342,0.15759347839250318,2.6325411334552102,0.1991534431957022,0.22503858071222385,0.443900222643202
Sverrir Ingi Ingason,0.39,0,17.0,FC Rostov,1530.0,Russian Premier League,0.1176470588235294,0.1176470588235294,0.09684802230228397,0.7058823529411764,0.09684802230228397,0.12947675278958148,0.14802346603177927
Takashi Inui,0.5800000000000001,2,20.0,"Alaves,Real Betis",1221.0,La Liga,0.14742014742014742,0.14742014742014742,0.2803704564068329,2.1375921375921374,0.2803704564068329,0.10994570906427334,0.3886603362199277
Takashi Usami,0.22,0,19.0,Fortuna Duesseldorf,862.0,Bundesliga,0.10440835266821344,0.10440835266821344,0.2262047681149329,2.819025522041763,0.2262047681149329,0.15417381952540504,0.3931728433687975
Thiago Alcántara,0.09,0,30.0,Bayern Munich,2412.0,Bundesliga,0.0746268656716418,0.0746268656716418,0.08202732999378175,0.8582089552238806,0.08202732999378175,0.834645710107106,0.9829614379568332
Thiago Silva,1.26,1,25.0,Paris Saint Germain,2076.0,Ligue 1,0.0,0.0,0.042831113217452366,0.5202312138728323,0.042831113217452366,0.6046585486448138,0.6217460676413997
Thomas Delaney,0.24,0,30.0,Borussia Dortmund,2302.0,Bundesliga,0.11728931364031278,0.11728931364031278,0.10794104395723934,1.2901824500434405,0.10794104395723934,0.4276754828792981,0.5487962559247462
Thomas Lemar,0.03,0,31.0,Atletico Madrid,1829.0,La Liga,0.09841443411700382,0.09841443411700382,0.16472625566525267,1.2793876435210496,0.16472625566525267,0.2778642874123491,0.4672921173571888
Thomas Meunier,0.35000000000000003,1,22.0,Paris Saint Germain,1614.0,Ligue 1,0.16728624535315986,0.16728624535315986,0.1671277951850767,1.0594795539033457,0.1671277951850767,0.31241438801653104,0.5733070895075798
Thomas Müller,0.35,0,32.0,Bayern Munich,2403.0,Bundesliga,0.2247191011235955,0.2247191011235955,0.4094023818380377,2.397003745318352,0.4094023818380377,0.5452902481127321,1.0100910837730666
Thorgan Hazard,0.15,0,33.0,Borussia M.Gladbach,2885.0,Bundesliga,0.3119584055459272,0.21837088388214906,0.18498406357792055,2.339688041594454,0.3031814644691023,0.2752610603976912,0.5581957912088679
Timo Werner,0.6300000000000001,0,30.0,RasenBallsport Leipzig,2537.0,Bundesliga,0.5675995270003942,0.5675995270003942,0.5898025597103901,3.795821836815136,0.6166846649467969,0.1386333005866245,0.853922895273685
Toby Alderweireld,0.4,0,34.0,Tottenham,2926.0,English Premier League,0.0,0.0,0.03036248954414038,0.5844155844155845,0.03036248954414038,0.269899019291618,0.2834541089476296
Toni Kroos,0.6200000000000001,1,28.0,Real Madrid,2235.0,La Liga,0.0,0.0,0.05662410367505263,1.2080536912751678,0.05662410367505263,0.4344795478770397,0.5483075643970863
Trent Alexander-Arnold,0.03,0,29.0,Liverpool,2475.0,English Premier League,0.03636363636363636,0.03636363636363636,0.05426465144211595,1.054545454545455,0.05426465144211595,0.3894344845956022,0.5130732131275264
Valon Behrami,0.04,0,19.0,Udinese,1381.0,Serie A,0.06517016654598116,0.06517016654598116,0.060639186093960025,0.5865314989138306,0.060639186093960025,0.1336777597870799,0.15035055820532764
Victor Moses,0.43,1,2.0,Chelsea,24.0,English Premier League,0.0,0.0,0.0,0.0,0.0,0.0,0.40477070957422256
Viktor Claesson,0.5900000000000001,0,29.0,FC Krasnodar,2465.0,Russian Premier League,0.4381338742393509,0.2920892494929006,0.3416523021507941,3.0669371196754565,0.4518101563937886,0.26178053537531026,0.7674148318340765
Vincent Kompany,0.49,0,17.0,Manchester City,1221.0,English Premier League,0.07371007371007371,0.07371007371007371,0.017707690948972832,0.36855036855036855,0.017707690948972832,0.5831296352042613,0.59073241377199
Wahbi Khazri,1.1900000000000002,2,32.0,Saint-Etienne,2833.0,Ligue 1,0.4129897635015885,0.2859159901164843,0.2720490657253354,2.986233674549947,0.368637224239193,0.15826609672073172,0.4928753926213916
Wilfred Ndidi,0.1,0,38.0,Leicester,3305.0,English Premier League,0.05446293494704992,0.05446293494704992,0.08495798262340577,1.4977307110438731,0.08495798262340577,0.21238887587452304,0.28135889234745515
William Carvalho,0.03,0,30.0,Real Betis,2391.0,La Liga,0.0,0.0,0.024815235752028087,0.3764115432873275,0.024815235752028087,0.3378347674129973,0.3508136134449781
William Troost-Ekong,0.09,0,35.0,Udinese,3070.0,Serie A,0.0,0.0,0.010299448415345788,0.23452768729641696,0.010299448415345788,0.11646342641865101,0.12477267377915816
Willian,0.18,0,32.0,Chelsea,2123.0,English Premier League,0.12717852096090435,0.12717852096090435,0.1843578396325565,2.6283560998586903,0.1843578396325565,0.2728644088463392,0.5402870859829705
Xherdan Shaqiri,0.4999999999999999,1,24.0,Liverpool,1048.0,English Premier League,0.5152671755725191,0.5152671755725191,0.34859131255634984,2.232824427480916,0.34859131255634984,0.2937129952319194,0.68034618477984
Yerry Mina,0.62,3,13.0,Everton,891.0,English Premier League,0.10101010101010102,0.10101010101010102,0.07545281982406822,0.4040404040404041,0.07545281982406822,0.19219779588206845,0.19389884621657505
Yoshinori Muto,0.16,0,17.0,Newcastle United,512.0,English Premier League,0.17578125,0.17578125,0.17912544142745898,1.0546875,0.17912544142745898,0.12794856142136268,0.22926664398255525
Youri Tielemans,0.12,0,13.0,Leicester,1098.0,English Premier League,0.2459016393442623,0.2459016393442623,0.1685134388628553,2.540983606557377,0.1685134388628553,0.43130817349816936,0.6810593507328971
Youri Tielemans,0.12,0,20.0,Monaco,1686.0,Ligue 1,0.2669039145907473,0.21352313167259787,0.0979868113643281,1.8149466192170816,0.138554245919599,0.19965702084512896,0.316665533306972
Youssef En-Nesyri,0.13,1,31.0,Leganes,2100.0,La Liga,0.3857142857142857,0.3857142857142857,0.3054455333389342,3.1714285714285717,0.3054455333389342,0.03106566839186209,0.35145680240488475
Youssouf Sabaly,0.1,0,23.0,Bordeaux,1914.0,Ligue 1,0.0,0.0,0.02113722447235849,0.5642633228840125,0.02113722447235849,0.15092489026416808,0.20038363228911135
Yuri Gazinskiy,0.1,1,28.0,FC Krasnodar,2397.0,Russian Premier League,0.0750938673341677,0.0750938673341677,0.1101211865009444,1.3141426783479349,0.1101211865009444,0.4951434077995739,0.6684508524807137
Yuri Zhirkov,0.09,0,12.0,Zenit St. Petersburg,1076.0,Russian Premier League,0.0,0.0,0.08221655017713632,0.9200743494423792,0.08221655017713632,0.32682594070280296,0.5582240311131157
Yussuf Poulsen,0.23,1,31.0,RasenBallsport Leipzig,2450.0,Bundesliga,0.5510204081632653,0.5510204081632653,0.4440855142717459,2.387755102040816,0.4440855142717459,0.22266077353638047,0.7325515560881823
Yuya Osako,1.02,1,21.0,Werder Bremen,1354.0,Bundesliga,0.1994091580502216,0.1994091580502216,0.19922706869429466,1.7946824224519942,0.19922706869429466,0.16533712366736186,0.4443853877022576
Ángel Di María,0.29000000000000004,1,30.0,Paris Saint Germain,2357.0,Ligue 1,0.4582095884599066,0.4582095884599066,0.3673813897542621,3.7420449724225713,0.3673813897542621,0.33837564249266544,0.8078204667512574
Éver Banega,0.09,0,32.0,Sevilla,2699.0,La Liga,0.10003705075954056,0.033345683586513526,0.044250752964574966,1.0670618747684328,0.09382095571611493,0.5192630773354301,0.5937698378568227
Óscar Duarte,0.19,0,11.0,Espanyol,650.0,La Liga,0.0,0.0,0.007506953566693342,0.2769230769230769,0.007506953566693342,0.04658125566605192,0.05932873151480005
